form_index,form_group_id,section_number,part_index,part_count,form_title,website_label,description,source_rows,question_count,total_points,question_number_in_form,source_file,source_sheet,source_row,section,rule,question,option_a,option_b,option_c,option_d,correct_option,correct_answer,points,feedback
1,ch2-s01-p01,1,1,1,PSR Chapter 2 Section 1,Chapter 2 Section 1,Public Service Rules Chapter 2 practice quiz. Section 1.,2-37,36,36,1,Chapter2_Section1.xlsx,Chapter2_Section1,2,Chapter 2 Section 1,20101,"Under Rule 020101, appointments to offices in the Federal Civil Service are made on whose authority?",The Office of the Accountant-General of the Federation,The Federal Civil Service Commission,The Staff Union,The National Assembly Service Commission,B,The Federal Civil Service Commission,1,"Correct. Under PSR Chapter 2, Section 1, Rule 020101, appointments to offices in the Federal Civil Service are made on the authority of the Federal Civil Service Commission."
1,ch2-s01-p01,1,1,1,PSR Chapter 2 Section 1,Chapter 2 Section 1,Public Service Rules Chapter 2 practice quiz. Section 1.,2-37,36,36,2,Chapter2_Section1.xlsx,Chapter2_Section1,3,Chapter 2 Section 1,20101,Which of the following is one mode of making appointments under Rule 020101?,By letter written under the direction of the Federal Civil Service Commission,By verbal instruction from a colleague,By social media announcement only,By personal approval of the applicant,A,By letter written under the direction of the Federal Civil Service Commission,1,"Correct. Under PSR Rule 020101, appointments may be made by letter written under the direction of the Federal Civil Service Commission."
1,ch2-s01-p01,1,1,1,PSR Chapter 2 Section 1,Chapter 2 Section 1,Public Service Rules Chapter 2 practice quiz. Section 1.,2-37,36,36,3,Chapter2_Section1.xlsx,Chapter2_Section1,4,Chapter 2 Section 1,20101,"Apart from appointment by letter, how else may appointment be made under Rule 020101?",By informal oral promise only,By newspaper rumour,By formal agreement between the Officer and the Federal Government or its appointed agents,By automatic self-appointment,C,By formal agreement between the Officer and the Federal Government or its appointed agents,1,"Correct. Under PSR Rule 020101, appointments may also be made by formal agreement between the Officer and the Federal Government or its appointed agents."
1,ch2-s01-p01,1,1,1,PSR Chapter 2 Section 1,Chapter 2 Section 1,Public Service Rules Chapter 2 practice quiz. Section 1.,2-37,36,36,4,Chapter2_Section1.xlsx,Chapter2_Section1,5,Chapter 2 Section 1,20101,"Subject to Rules 020205, 020206 and 020207, who may appoint eligible candidates to delegated posts?",Permanent Secretaries or Heads of Extra-Ministerial Offices,The Staff Union Chairman,The Officer’s immediate colleague,The National Pension Commission,A,Permanent Secretaries or Heads of Extra-Ministerial Offices,1,"Correct. Under PSR Rule 020101, Permanent Secretaries and Heads of Extra-Ministerial Offices are authorized to appoint eligible candidates to posts where the powers of appointment have been delegated to them, subject to Rules 020205, 020206 and 020207."
1,ch2-s01-p01,1,1,1,PSR Chapter 2 Section 1,Chapter 2 Section 1,Public Service Rules Chapter 2 practice quiz. Section 1.,2-37,36,36,5,Chapter2_Section1.xlsx,Chapter2_Section1,6,Chapter 2 Section 1,20102,"Under Rule 020102, the Federal Civil Service Commission makes appointments to posts graded within which range?",GL. 01–06 only,GL. 07–17,GL. 18 only,All political appointments,B,GL. 07–17,1,"Correct. Under PSR Chapter 2, Section 1, Rule 020102, the Federal Civil Service Commission makes appointments to posts graded GL. 07–17."
1,ch2-s01-p01,1,1,1,PSR Chapter 2 Section 1,Chapter 2 Section 1,Public Service Rules Chapter 2 practice quiz. Section 1.,2-37,36,36,6,Chapter2_Section1.xlsx,Chapter2_Section1,7,Chapter 2 Section 1,20102,Appointments by the Federal Civil Service Commission under Rule 020102 are made when?,Only when there are available vacancies and the need arises,Only after retirement,Only when a Staff Union requests it,Only during annual leave,A,Only when there are available vacancies and the need arises,1,"Correct. Under PSR Rule 020102, appointments to GL. 07–17 are made as the need arises into available vacancies after advertisement."
1,ch2-s01-p01,1,1,1,PSR Chapter 2 Section 1,Chapter 2 Section 1,Public Service Rules Chapter 2 practice quiz. Section 1.,2-37,36,36,7,Chapter2_Section1.xlsx,Chapter2_Section1,8,Chapter 2 Section 1,20102,Where must vacancies be advertised under Rule 020102?,In three national newspapers and the Commission’s website,In one private notice board only,Only by word of mouth,Only through internal WhatsApp groups,A,In three national newspapers and the Commission’s website,1,"Correct. Under PSR Rule 020102, advertisement shall be in three national newspapers and on the Federal Civil Service Commission’s website."
1,ch2-s01-p01,1,1,1,PSR Chapter 2 Section 1,Chapter 2 Section 1,Public Service Rules Chapter 2 practice quiz. Section 1.,2-37,36,36,8,Chapter2_Section1.xlsx,Chapter2_Section1,9,Chapter 2 Section 1,20102,What is the deadline for submission of applications after placement of advertisement under Rule 020102?,Two weeks,Six weeks,One year,Three days,B,Six weeks,1,"Correct. Under PSR Rule 020102, the deadline for submission of applications from interested candidates is six weeks from the date of placement of the advertisement."
1,ch2-s01-p01,1,1,1,PSR Chapter 2 Section 1,Chapter 2 Section 1,Public Service Rules Chapter 2 practice quiz. Section 1.,2-37,36,36,9,Chapter2_Section1.xlsx,Chapter2_Section1,10,Chapter 2 Section 1,20102,"Under Rule 020102, each Ministry or Extra-Ministerial Office selects candidates from what source?",The pool of successful candidates at the Civil Service Examination,Unverified private lists only,Political party membership registers,Family nominations,A,The pool of successful candidates at the Civil Service Examination,1,"Correct. Under PSR Rule 020102, each Ministry or Extra-Ministerial Office selects from the pool of successful candidates at the Civil Service Examination prescribed in Rule 020102(iv)."
1,ch2-s01-p01,1,1,1,PSR Chapter 2 Section 1,Chapter 2 Section 1,Public Service Rules Chapter 2 practice quiz. Section 1.,2-37,36,36,10,Chapter2_Section1.xlsx,Chapter2_Section1,11,Chapter 2 Section 1,20102,Who participates in the appropriate Committees of each Ministry under Rule 020102?,Representatives of the Federal Civil Service Commission and the Head of the Civil Service of the Federation,Only retired Officers,Only the Staff Union Chairman,Only private consultants,A,Representatives of the Federal Civil Service Commission and the Head of the Civil Service of the Federation,1,"Correct. Under PSR Rule 020102, the process is handled by the appropriate Committees of each Ministry with representatives of the Federal Civil Service Commission and the Head of the Civil Service of the Federation at the meetings."
1,ch2-s01-p01,1,1,1,PSR Chapter 2 Section 1,Chapter 2 Section 1,Public Service Rules Chapter 2 practice quiz. Section 1.,2-37,36,36,11,Chapter2_Section1.xlsx,Chapter2_Section1,12,Chapter 2 Section 1,20102,What examination is established under Rule 020102 for posts graded GL. 07–10?,Annual competitive Public/Civil Service Entry Examination,Annual medical examination only,Promotion interview for retired Officers only,Private aptitude test by a contractor,A,Annual competitive Public/Civil Service Entry Examination,1,"Correct. Under PSR Rule 020102(iv), there shall be an annual competitive Public/Civil Service Entry Examination for posts graded GL. 07–10."
1,ch2-s01-p01,1,1,1,PSR Chapter 2 Section 1,Chapter 2 Section 1,Public Service Rules Chapter 2 practice quiz. Section 1.,2-37,36,36,12,Chapter2_Section1.xlsx,Chapter2_Section1,13,Chapter 2 Section 1,20102,The annual competitive Public/Civil Service Entry Examination under Rule 020102 is for whom?,New entrants and serving Officers wishing to transfer from other Scheduled Services,Only retired Officers,Only Officers on GL. 01,Only political appointees,A,New entrants and serving Officers wishing to transfer from other Scheduled Services,1,"Correct. Under PSR Rule 020102(iv), the examination is for new entrants and serving Officers wishing to transfer from other Scheduled Services."
1,ch2-s01-p01,1,1,1,PSR Chapter 2 Section 1,Chapter 2 Section 1,Public Service Rules Chapter 2 practice quiz. Section 1.,2-37,36,36,13,Chapter2_Section1.xlsx,Chapter2_Section1,14,Chapter 2 Section 1,20102,Who conducts the annual competitive Public/Civil Service Entry Examination under Rule 020102?,"The Federal Civil Service Commission in conjunction with OHCSF, ASCON and PSIN",The Staff Union alone,The Federal Ministry of Finance alone,Private companies only,A,"The Federal Civil Service Commission in conjunction with OHCSF, ASCON and PSIN",1,"Correct. Under PSR Rule 020102(iv), the examination is conducted by the Federal Civil Service Commission in conjunction with the Office of the Head of the Civil Service of the Federation, ASCON and PSIN."
1,ch2-s01-p01,1,1,1,PSR Chapter 2 Section 1,Chapter 2 Section 1,Public Service Rules Chapter 2 practice quiz. Section 1.,2-37,36,36,14,Chapter2_Section1.xlsx,Chapter2_Section1,15,Chapter 2 Section 1,20102,"To qualify for the examination under Rule 020102, candidates must possess what?",Qualifications in relevant disciplines as provided in the approved Schemes of Service,A political endorsement only,A private recommendation from relatives,No qualification at all,A,Qualifications in relevant disciplines as provided in the approved Schemes of Service,1,"Correct. Under PSR Rule 020102(v), candidates must possess the qualifications in relevant disciplines as provided in the approved Schemes of Service."
1,ch2-s01-p01,1,1,1,PSR Chapter 2 Section 1,Chapter 2 Section 1,Public Service Rules Chapter 2 practice quiz. Section 1.,2-37,36,36,15,Chapter2_Section1.xlsx,Chapter2_Section1,16,Chapter 2 Section 1,20102,Who makes the final recommendation under Rule 020102 after the examination process?,The line Ministries or Extra-Ministerial Offices,The Officer’s family,The Staff Union,The newspaper that carried the advert,A,The line Ministries or Extra-Ministerial Offices,1,"Correct. Under PSR Rule 020102(v), final recommendation is made by the line Ministries or Extra-Ministerial Offices in line with their requirements."
1,ch2-s01-p01,1,1,1,PSR Chapter 2 Section 1,Chapter 2 Section 1,Public Service Rules Chapter 2 practice quiz. Section 1.,2-37,36,36,16,Chapter2_Section1.xlsx,Chapter2_Section1,17,Chapter 2 Section 1,20103,"Under Rule 020103, who appoints Junior Staff on GL. 06 and below?",Each Ministry or Extra-Ministerial Office,The Federal Ministry of Foreign Affairs only,The Staff Union,The Accountant-General personally,A,Each Ministry or Extra-Ministerial Office,1,"Correct. Under PSR Chapter 2, Section 1, Rule 020103, each Ministry or Extra-Ministerial Office appoints Junior Staff on GL. 06 and below."
1,ch2-s01-p01,1,1,1,PSR Chapter 2 Section 1,Chapter 2 Section 1,Public Service Rules Chapter 2 practice quiz. Section 1.,2-37,36,36,17,Chapter2_Section1.xlsx,Chapter2_Section1,18,Chapter 2 Section 1,20103,Which committee handles appointment of Junior Staff under Rule 020103?,Junior Staff Committee,Senior Staff Committee only,Performance Appraisal Committee,Medical Board,A,Junior Staff Committee,1,"Correct. Under PSR Rule 020103, appointment of Junior Staff on GL. 06 and below is handled by the Junior Staff Committee of each Ministry or Office."
1,ch2-s01-p01,1,1,1,PSR Chapter 2 Section 1,Chapter 2 Section 1,Public Service Rules Chapter 2 practice quiz. Section 1.,2-37,36,36,18,Chapter2_Section1.xlsx,Chapter2_Section1,19,Chapter 2 Section 1,20103,"Under Rule 020103, appointments in Federal Ministries or Extra-Ministerial Offices located in States/Zones shall be from whom?",Residents of those States/Zones who possess the prescribed qualifications,Only persons from the Federal Capital Territory,Only retired Officers,Only foreign applicants,A,Residents of those States/Zones who possess the prescribed qualifications,1,"Correct. Under PSR Rule 020103, appointments in Federal Ministries or Extra-Ministerial Offices located in States/Zones shall be from residents of those States/Zones who possess the qualifications prescribed in the approved Schemes of Service."
1,ch2-s01-p01,1,1,1,PSR Chapter 2 Section 1,Chapter 2 Section 1,Public Service Rules Chapter 2 practice quiz. Section 1.,2-37,36,36,19,Chapter2_Section1.xlsx,Chapter2_Section1,20,Chapter 2 Section 1,20103,The qualifications required for State/Zone appointments under Rule 020103 must be those prescribed where?,In the approved Schemes of Service,In a private family record,In a newspaper opinion article,In a political manifesto,A,In the approved Schemes of Service,1,"Correct. Under PSR Rule 020103, residents of the relevant States/Zones must possess the qualifications prescribed in the approved Schemes of Service."
1,ch2-s01-p01,1,1,1,PSR Chapter 2 Section 1,Chapter 2 Section 1,Public Service Rules Chapter 2 practice quiz. Section 1.,2-37,36,36,20,Chapter2_Section1.xlsx,Chapter2_Section1,21,Chapter 2 Section 1,20104,What is the incremental date of an Officer appointed or promoted to a post in the Federal Public Service?,1st January of every year,31st December of every year,The Officer’s birthday,The date of annual leave,A,1st January of every year,1,"Correct. Under PSR Chapter 2, Section 1, Rule 020104, the incremental date of an Officer appointed or promoted to a post in the Federal Public Service is 1st January of every year."
1,ch2-s01-p01,1,1,1,PSR Chapter 2 Section 1,Chapter 2 Section 1,Public Service Rules Chapter 2 practice quiz. Section 1.,2-37,36,36,21,Chapter2_Section1.xlsx,Chapter2_Section1,22,Chapter 2 Section 1,20104,"Before enjoying increment under Rule 020104, how long must an Officer have spent on the grade?",At least six months,At least one week,At least ten years,At least one day,A,At least six months,1,"Correct. Under PSR Rule 020104, an Officer must have spent at least six months on the grade before enjoying the increment."
1,ch2-s01-p01,1,1,1,PSR Chapter 2 Section 1,Chapter 2 Section 1,Public Service Rules Chapter 2 practice quiz. Section 1.,2-37,36,36,22,Chapter2_Section1.xlsx,Chapter2_Section1,23,Chapter 2 Section 1,20104,What additional condition is required before an Officer enjoys increment under Rule 020104?,Good performance,Automatic seniority only,Political recommendation,Unpaid service,A,Good performance,1,"Correct. Under PSR Rule 020104, an Officer must have spent at least six months on the grade with good performance before enjoying increment."
1,ch2-s01-p01,1,1,1,PSR Chapter 2 Section 1,Chapter 2 Section 1,Public Service Rules Chapter 2 practice quiz. Section 1.,2-37,36,36,23,Chapter2_Section1.xlsx,Chapter2_Section1,24,Chapter 2 Section 1,20105,"Under Rule 020105, seniority in any Department is determined by what?",Entry date or date of assumption of duty and/or date of present appointment,The Officer’s age only,The Officer’s leave address only,The Officer’s state of origin only,A,Entry date or date of assumption of duty and/or date of present appointment,1,"Correct. Under PSR Chapter 2, Section 1, Rule 020105, seniority in any Department is determined by the entry date/date of assumption of duty certified by an authorized Officer and/or date of present appointment."
1,ch2-s01-p01,1,1,1,PSR Chapter 2 Section 1,Chapter 2 Section 1,Public Service Rules Chapter 2 practice quiz. Section 1.,2-37,36,36,24,Chapter2_Section1.xlsx,Chapter2_Section1,25,Chapter 2 Section 1,20105,The date used for seniority under Rule 020105 must be certified by whom?,An authorized Officer,A private relative,A newspaper editor,A political party official,A,An authorized Officer,1,"Correct. Under PSR Rule 020105, the entry date or date of assumption of duty used to determine seniority must be certified by an authorized Officer."
1,ch2-s01-p01,1,1,1,PSR Chapter 2 Section 1,Chapter 2 Section 1,Public Service Rules Chapter 2 practice quiz. Section 1.,2-37,36,36,25,Chapter2_Section1.xlsx,Chapter2_Section1,26,Chapter 2 Section 1,20105,Seniority under Rule 020105 is reflected in what records?,The appropriate register and career progression of the Officers,A personal diary only,A newspaper announcement,A private family register,A,The appropriate register and career progression of the Officers,1,"Correct. Under PSR Rule 020105, seniority is determined by the relevant dates as reflected in the appropriate register and career progression of the Officers."
1,ch2-s01-p01,1,1,1,PSR Chapter 2 Section 1,Chapter 2 Section 1,Public Service Rules Chapter 2 practice quiz. Section 1.,2-37,36,36,26,Chapter2_Section1.xlsx,Chapter2_Section1,27,Chapter 2 Section 1,20106,What does Rule 020106 provide about unpaid staff?,The employment of unpaid Staff is prohibited,Unpaid Staff may be employed freely,Unpaid Staff are compulsory in all MDAs,Unpaid Staff must replace paid Officers,A,The employment of unpaid Staff is prohibited,1,"Correct. Under PSR Chapter 2, Section 1, Rule 020106, the employment of unpaid Staff is prohibited."
1,ch2-s01-p01,1,1,1,PSR Chapter 2 Section 1,Chapter 2 Section 1,Public Service Rules Chapter 2 practice quiz. Section 1.,2-37,36,36,27,Chapter2_Section1.xlsx,Chapter2_Section1,28,Chapter 2 Section 1,20106,Which statement correctly reflects Rule 020106?,No unpaid Staff should be employed in the Federal Public Service,Unpaid Staff may be employed without records,Unpaid Staff may appoint themselves,Unpaid Staff may replace confirmed Officers,A,No unpaid Staff should be employed in the Federal Public Service,1,Correct. PSR Rule 020106 prohibits the employment of unpaid Staff.
1,ch2-s01-p01,1,1,1,PSR Chapter 2 Section 1,Chapter 2 Section 1,Public Service Rules Chapter 2 practice quiz. Section 1.,2-37,36,36,28,Chapter2_Section1.xlsx,Chapter2_Section1,29,Chapter 2 Section 1,20107,Who must keep an up-to-date record of every Officer under their control?,Permanent Secretaries or Heads of Extra-Ministerial Offices,The Officer’s neighbour,The Staff Union only,A private consultant,A,Permanent Secretaries or Heads of Extra-Ministerial Offices,1,"Correct. Under PSR Chapter 2, Section 1, Rule 020107, Permanent Secretaries and Heads of Extra-Ministerial Offices shall keep an up-to-date record of every Officer under their control."
1,ch2-s01-p01,1,1,1,PSR Chapter 2 Section 1,Chapter 2 Section 1,Public Service Rules Chapter 2 practice quiz. Section 1.,2-37,36,36,29,Chapter2_Section1.xlsx,Chapter2_Section1,30,Chapter 2 Section 1,20107,Which form is used for staff records under Rule 020107?,Form Gen. 60,Form L.10 only,Form FC. 2 only,Form Gen. 69A only,A,Form Gen. 60,1,"Correct. Under PSR Rule 020107, Staff Record Form Gen. 60 shall be used for personnel records."
1,ch2-s01-p01,1,1,1,PSR Chapter 2 Section 1,Chapter 2 Section 1,Public Service Rules Chapter 2 practice quiz. Section 1.,2-37,36,36,30,Chapter2_Section1.xlsx,Chapter2_Section1,31,Chapter 2 Section 1,20107,Within what period must one copy of Form Gen. 60 be sent to the specified offices under Rule 020107?,Within one month of the appointment,Within ten years of retirement,Within one week before retirement,Only after dismissal,A,Within one month of the appointment,1,"Correct. Under PSR Rule 020107, one copy of Form Gen. 60 must be sent to the specified offices within one month of the appointment."
1,ch2-s01-p01,1,1,1,PSR Chapter 2 Section 1,Chapter 2 Section 1,Public Service Rules Chapter 2 practice quiz. Section 1.,2-37,36,36,31,Chapter2_Section1.xlsx,Chapter2_Section1,32,Chapter 2 Section 1,20107,Which office is among those to receive a copy of Form Gen. 60 under Rule 020107?,National Record Centre in the Office of the Head of the Civil Service of the Federation,The Staff Union Secretariat,The Officer’s landlord,The local newspaper office,A,National Record Centre in the Office of the Head of the Civil Service of the Federation,1,"Correct. Under PSR Rule 020107, one copy of Form Gen. 60 must be sent to the National Record Centre in the Office of the Head of the Civil Service of the Federation, among other listed offices."
1,ch2-s01-p01,1,1,1,PSR Chapter 2 Section 1,Chapter 2 Section 1,Public Service Rules Chapter 2 practice quiz. Section 1.,2-37,36,36,32,Chapter2_Section1.xlsx,Chapter2_Section1,33,Chapter 2 Section 1,20107,Which of the following offices is also listed to receive Form Gen. 60 under Rule 020107?,The Office of the Accountant-General of the Federation,The Officer’s private bank only,The Staff Union welfare desk,The local community association,A,The Office of the Accountant-General of the Federation,1,"Correct. Under PSR Rule 020107, Form Gen. 60 is to be sent to the Office of the Accountant-General of the Federation, among other specified offices."
1,ch2-s01-p01,1,1,1,PSR Chapter 2 Section 1,Chapter 2 Section 1,Public Service Rules Chapter 2 practice quiz. Section 1.,2-37,36,36,33,Chapter2_Section1.xlsx,Chapter2_Section1,34,Chapter 2 Section 1,20107,Form Gen. 60 must be completed in what manner under Rule 020107?,In ink,In pencil only,Verbally,By phone call only,A,In ink,1,"Correct. Under PSR Rule 020107, Form Gen. 60 shall be completed in ink."
1,ch2-s01-p01,1,1,1,PSR Chapter 2 Section 1,Chapter 2 Section 1,Public Service Rules Chapter 2 practice quiz. Section 1.,2-37,36,36,34,Chapter2_Section1.xlsx,Chapter2_Section1,35,Chapter 2 Section 1,20107,What does Rule 020107 provide about date of birth recorded on appointment?,It shall not be changed throughout the Officer’s career,It may be changed every year,It is irrelevant to the Officer’s record,It must be deleted after confirmation,A,It shall not be changed throughout the Officer’s career,1,"Correct. Under PSR Rule 020107(ii), the date of birth recorded on appointment by an Officer shall not be changed throughout the career of the Officer."
1,ch2-s01-p01,1,1,1,PSR Chapter 2 Section 1,Chapter 2 Section 1,Public Service Rules Chapter 2 practice quiz. Section 1.,2-37,36,36,35,Chapter2_Section1.xlsx,Chapter2_Section1,36,Chapter 2 Section 1,20107,What is the consequence of contravening the date of birth rule under Rule 020107?,It is regarded as an act of serious misconduct,It attracts automatic promotion,It is treated as annual leave,It has no consequence,A,It is regarded as an act of serious misconduct,1,"Correct. Under PSR Rule 020107(ii), contravention of the rule on date of birth recorded on appointment is regarded as an act of serious misconduct."
1,ch2-s01-p01,1,1,1,PSR Chapter 2 Section 1,Chapter 2 Section 1,Public Service Rules Chapter 2 practice quiz. Section 1.,2-37,36,36,36,Chapter2_Section1.xlsx,Chapter2_Section1,37,Chapter 2 Section 1,020101-020107,"Which statement best summarises Chapter 2, Section 1 of the PSR?","It covers general appointment authority, FCSC appointments, junior staff appointments, incremental date, seniority, prohibition of unpaid staff and personnel records",It deals only with medical treatment abroad,It deals only with burial expenses,It deals only with disciplinary dismissal,A,"It covers general appointment authority, FCSC appointments, junior staff appointments, incremental date, seniority, prohibition of unpaid staff and personnel records",1,"Correct. PSR Chapter 2, Section 1, Rules 020101 to 020107 cover general appointment provisions, including authority for appointments, FCSC appointments, junior staff appointments, incremental date, seniority, prohibition of unpaid staff and personnel records."
2,ch2-s02-p01,2,1,2,PSR Chapter 2 Section 2 - Part 1,Chapter 2 Section 2 - Part 1,"Public Service Rules Chapter 2 practice quiz. Section 2, Part 1 of 2.",2-30,29,29,1,Chapter2_Section2.xlsx,Chapter2_Section2,2,Chapter 2 Section 2,20201,"Under Rule 020201, what does recruitment mean?",Promotion of Officers already in the same Ministry,Transfer of Officers from State Public Service only,Filling of vacancies by direct appointment of persons not already in any Public Service of the Federal Republic of Nigeria,Posting of confirmed Officers within the same Department,C,Filling of vacancies by direct appointment of persons not already in any Public Service of the Federal Republic of Nigeria,1,"Correct. Under PSR Chapter 2, Section 2, Rule 020201, recruitment means filling vacancies by direct appointment of persons not already in any Public Service of the Federal Republic of Nigeria."
2,ch2-s02-p01,2,1,2,PSR Chapter 2 Section 2 - Part 1,Chapter 2 Section 2 - Part 1,"Public Service Rules Chapter 2 practice quiz. Section 2, Part 1 of 2.",2-30,29,29,2,Chapter2_Section2.xlsx,Chapter2_Section2,3,Chapter 2 Section 2,20201,Which process is expressly excluded from the definition of recruitment under Rule 020201?,Direct appointment of new entrants,Filling vacancies in the Federal Public Service,Transfer of Officers from other Public Service in the Federation to the Federal Public Service,Appointment of persons not already in Public Service,C,Transfer of Officers from other Public Service in the Federation to the Federal Public Service,1,"Correct. Under PSR Rule 020201, recruitment excludes the transfer of Officers from other Public Service in the Federation to the Federal Public Service."
2,ch2-s02-p01,2,1,2,PSR Chapter 2 Section 2 - Part 1,Chapter 2 Section 2 - Part 1,"Public Service Rules Chapter 2 practice quiz. Section 2, Part 1 of 2.",2-30,29,29,3,Chapter2_Section2.xlsx,Chapter2_Section2,4,Chapter 2 Section 2,20201,Recruitment under Rule 020201 applies to persons with what status?,Persons not already in any Public Service of the Federal Republic of Nigeria,Only Officers already transferred from another Public Service,Only retired Officers,Only Officers already confirmed in the Federal Civil Service,A,Persons not already in any Public Service of the Federal Republic of Nigeria,1,Correct. PSR Rule 020201 defines recruitment as direct appointment of persons not already in any Public Service of the Federal Republic of Nigeria.
2,ch2-s02-p01,2,1,2,PSR Chapter 2 Section 2 - Part 1,Chapter 2 Section 2 - Part 1,"Public Service Rules Chapter 2 practice quiz. Section 2, Part 1 of 2.",2-30,29,29,4,Chapter2_Section2.xlsx,Chapter2_Section2,5,Chapter 2 Section 2,20202,Which of the following is a category of appointment into the Federal Public Service under Rule 020202?,Appointment as trainees or pupils,Appointment by private family nomination,Appointment through political campaign service,Appointment by informal verbal promise,A,Appointment as trainees or pupils,1,"Correct. Under PSR Chapter 2, Section 2, Rule 020202, appointment into the Federal Public Service may be as trainees or pupils."
2,ch2-s02-p01,2,1,2,PSR Chapter 2 Section 2 - Part 1,Chapter 2 Section 2 - Part 1,"Public Service Rules Chapter 2 practice quiz. Section 2, Part 1 of 2.",2-30,29,29,5,Chapter2_Section2.xlsx,Chapter2_Section2,6,Chapter 2 Section 2,20202,Which appointment category under Rule 020202 relates to a pensionable post?,Acting appointment only,Special appointment only,Appointment on probation in a pensionable post,Appointment by family recommendation,C,Appointment on probation in a pensionable post,1,Correct. PSR Rule 020202 lists appointment on probation in a pensionable post as one of the categories of appointment into the Federal Public Service.
2,ch2-s02-p01,2,1,2,PSR Chapter 2 Section 2 - Part 1,Chapter 2 Section 2 - Part 1,"Public Service Rules Chapter 2 practice quiz. Section 2, Part 1 of 2.",2-30,29,29,6,Chapter2_Section2.xlsx,Chapter2_Section2,7,Chapter 2 Section 2,20202,Which of the following is listed as a type of appointment under Rule 020202?,Non-pensionable contract,Private honorary service,Political campaign engagement,Unpaid informal attachment,A,Non-pensionable contract,1,"Correct. Under PSR Rule 020202, appointment into the Federal Public Service may be on non-pensionable contract."
2,ch2-s02-p01,2,1,2,PSR Chapter 2 Section 2 - Part 1,Chapter 2 Section 2 - Part 1,"Public Service Rules Chapter 2 practice quiz. Section 2, Part 1 of 2.",2-30,29,29,7,Chapter2_Section2.xlsx,Chapter2_Section2,8,Chapter 2 Section 2,20202,Which option correctly lists categories of appointment under Rule 020202?,"Trainee or pupil, probation in a pensionable post, non-pensionable contract, acting appointment and special appointment","Annual leave, maternity leave, sick leave and casual leave","Dismissal, suspension, warning and surcharge","Posting, deployment, secondment and retirement",A,"Trainee or pupil, probation in a pensionable post, non-pensionable contract, acting appointment and special appointment",1,"Correct. PSR Rule 020202 lists these categories of appointment: trainee or pupil, probation in a pensionable post, non-pensionable contract, acting appointment and special appointment."
2,ch2-s02-p01,2,1,2,PSR Chapter 2 Section 2 - Part 1,Chapter 2 Section 2 - Part 1,"Public Service Rules Chapter 2 practice quiz. Section 2, Part 1 of 2.",2-30,29,29,8,Chapter2_Section2.xlsx,Chapter2_Section2,9,Chapter 2 Section 2,20202,How should Ministries and Extra-Ministerial Offices treat appointments made by the FCSC to NYSC Presidential Merit Award winners?,They may reject them because of vacancy constraints,They shall accept them because employment is automatic regardless of vacancy constraints,They must convert them to unpaid staff,They must wait until the next leave year,B,They shall accept them because employment is automatic regardless of vacancy constraints,1,"Correct. Under PSR Rule 020202, Ministries and Extra-Ministerial Offices shall accept appointments made by the Federal Civil Service Commission to NYSC Presidential Merit Award winners whose employment is automatic regardless of vacancy constraints."
2,ch2-s02-p01,2,1,2,PSR Chapter 2 Section 2 - Part 1,Chapter 2 Section 2 - Part 1,"Public Service Rules Chapter 2 practice quiz. Section 2, Part 1 of 2.",2-30,29,29,9,Chapter2_Section2.xlsx,Chapter2_Section2,10,Chapter 2 Section 2,20202,What percentage of all recruitments in the Service is reserved for persons with disability under Rule 020202?,One percent,Ten percent,Five percent,Twenty percent,C,Five percent,1,"Correct. Under PSR Rule 020202, five percent of all recruitments in the Service shall be reserved for persons with disability."
2,ch2-s02-p01,2,1,2,PSR Chapter 2 Section 2 - Part 1,Chapter 2 Section 2 - Part 1,"Public Service Rules Chapter 2 practice quiz. Section 2, Part 1 of 2.",2-30,29,29,10,Chapter2_Section2.xlsx,Chapter2_Section2,11,Chapter 2 Section 2,20203,What should normally happen where posts prove difficult to fill from within the Service?,They should normally be advertised,They should be abolished automatically,They should be filled only by relatives of serving Officers,They should be left vacant permanently,A,They should normally be advertised,1,"Correct. Under PSR Rule 020203, where posts prove difficult to fill from within the Service, they shall normally be advertised."
2,ch2-s02-p01,2,1,2,PSR Chapter 2 Section 2 - Part 1,Chapter 2 Section 2 - Part 1,"Public Service Rules Chapter 2 practice quiz. Section 2, Part 1 of 2.",2-30,29,29,11,Chapter2_Section2.xlsx,Chapter2_Section2,12,Chapter 2 Section 2,20203,Rule 020203 mainly addresses what situation?,Posts difficult to fill from within the Service,Annual leave computation,Disciplinary dismissal,Burial expenses,A,Posts difficult to fill from within the Service,1,Correct. PSR Rule 020203 provides that posts which prove difficult to fill from within the Service shall normally be advertised.
2,ch2-s02-p01,2,1,2,PSR Chapter 2 Section 2 - Part 1,Chapter 2 Section 2 - Part 1,"Public Service Rules Chapter 2 practice quiz. Section 2, Part 1 of 2.",2-30,29,29,12,Chapter2_Section2.xlsx,Chapter2_Section2,13,Chapter 2 Section 2,20204,When may a candidate be appointed as a trainee or pupil under Rule 020204?,Where the candidate requires additional professional experience before being regarded as fully qualified for appointment,Where the candidate has already retired from Service,Where the candidate refuses to meet qualification requirements,Where the candidate is being disciplined,A,Where the candidate requires additional professional experience before being regarded as fully qualified for appointment,1,"Correct. Under PSR Rule 020204(a), a candidate may be appointed as trainee or pupil where he requires additional professional experience before he can be regarded as fully qualified for appointment to a specific post."
2,ch2-s02-p01,2,1,2,PSR Chapter 2 Section 2 - Part 1,Chapter 2 Section 2 - Part 1,"Public Service Rules Chapter 2 practice quiz. Section 2, Part 1 of 2.",2-30,29,29,13,Chapter2_Section2.xlsx,Chapter2_Section2,14,Chapter 2 Section 2,20204,What is the normal service period for a trainee or pupil under Rule 020204?,Six months,Five years,Two years,Ten years,C,Two years,1,"Correct. Under PSR Rule 020204(a), a trainee or pupil is appointed for a normal service period of two years in the post."
2,ch2-s02-p01,2,1,2,PSR Chapter 2 Section 2 - Part 1,Chapter 2 Section 2 - Part 1,"Public Service Rules Chapter 2 practice quiz. Section 2, Part 1 of 2.",2-30,29,29,14,Chapter2_Section2.xlsx,Chapter2_Section2,15,Chapter 2 Section 2,20204,Can the normal two-year trainee or pupil period be reduced?,"Yes, in special circumstances","No, it can never be reduced",Only if the Officer resigns,Only after dismissal,A,"Yes, in special circumstances",1,"Correct. Under PSR Rule 020204(a), the normal two-year trainee or pupil period may be reduced in special circumstances."
2,ch2-s02-p01,2,1,2,PSR Chapter 2 Section 2 - Part 1,Chapter 2 Section 2 - Part 1,"Public Service Rules Chapter 2 practice quiz. Section 2, Part 1 of 2.",2-30,29,29,15,Chapter2_Section2.xlsx,Chapter2_Section2,16,Chapter 2 Section 2,20204,"After completing the trainee period, what may happen to the pupil under Rule 020204?",He may be appointed to the full grade on probation,He is automatically dismissed,He is immediately retired,He becomes a political appointee,A,He may be appointed to the full grade on probation,1,"Correct. Under PSR Rule 020204(a), on completion of the trainee period, the pupil may be appointed to the full grade on probation."
2,ch2-s02-p01,2,1,2,PSR Chapter 2 Section 2 - Part 1,Chapter 2 Section 2 - Part 1,"Public Service Rules Chapter 2 practice quiz. Section 2, Part 1 of 2.",2-30,29,29,16,Chapter2_Section2.xlsx,Chapter2_Section2,17,Chapter 2 Section 2,20204,"After appointment to full grade on probation, when is the former trainee eligible for confirmation?",Only after fulfilling the conditions laid down in Rule 020302 where applicable,Immediately without any condition,Only after retirement,Only after refusing the prescribed examination,A,Only after fulfilling the conditions laid down in Rule 020302 where applicable,1,"Correct. Under PSR Rule 020204(a), the pupil appointed to the full grade on probation is not eligible for confirmation until he has fulfilled the conditions laid down in Rule 020302 where applicable."
2,ch2-s02-p01,2,1,2,PSR Chapter 2 Section 2 - Part 1,Chapter 2 Section 2 - Part 1,"Public Service Rules Chapter 2 practice quiz. Section 2, Part 1 of 2.",2-30,29,29,17,Chapter2_Section2.xlsx,Chapter2_Section2,18,Chapter 2 Section 2,20204,How is a confirmed Officer advanced to a training grade for experience treated under Rule 020204?,As if he had been seconded to the training grade,As dismissed from Service,As newly recruited without record,As absent without leave,A,As if he had been seconded to the training grade,1,"Correct. Under PSR Rule 020204(b), a confirmed Officer advanced to a training grade for necessary experience to qualify for substantive promotion to a senior post is treated as if he had been seconded thereto."
2,ch2-s02-p01,2,1,2,PSR Chapter 2 Section 2 - Part 1,Chapter 2 Section 2 - Part 1,"Public Service Rules Chapter 2 practice quiz. Section 2, Part 1 of 2.",2-30,29,29,18,Chapter2_Section2.xlsx,Chapter2_Section2,19,Chapter 2 Section 2,20204,The secondment period for a confirmed Officer advanced to a training grade should not normally exceed what?,The period laid down for the training,Five years after retirement,The Officer’s annual leave period,Thirty-five years of service,A,The period laid down for the training,1,"Correct. Under PSR Rule 020204(b), the period of secondment will not normally exceed the period laid down for the training except with the special advice of the OHCSF."
2,ch2-s02-p01,2,1,2,PSR Chapter 2 Section 2 - Part 1,Chapter 2 Section 2 - Part 1,"Public Service Rules Chapter 2 practice quiz. Section 2, Part 1 of 2.",2-30,29,29,19,Chapter2_Section2.xlsx,Chapter2_Section2,20,Chapter 2 Section 2,20204,Whose special advice may allow the training-grade secondment period to exceed the normal training period?,The Office of the Head of the Civil Service of the Federation,The Officer’s neighbour,The Staff Union Treasurer,The private employer,A,The Office of the Head of the Civil Service of the Federation,1,"Correct. Under PSR Rule 020204(b), extension beyond the normal training period may occur only with the special advice of the Office of the Head of the Civil Service of the Federation."
2,ch2-s02-p01,2,1,2,PSR Chapter 2 Section 2 - Part 1,Chapter 2 Section 2 - Part 1,"Public Service Rules Chapter 2 practice quiz. Section 2, Part 1 of 2.",2-30,29,29,20,Chapter2_Section2.xlsx,Chapter2_Section2,21,Chapter 2 Section 2,20205,"Except where the FCSC decides otherwise, how are first appointments to pensionable establishment treated?",They are treated as automatic retirement,They are treated as appointments on probation,They are treated as unpaid appointments,They are treated as disciplinary postings,B,They are treated as appointments on probation,1,"Correct. Under PSR Rule 020205, except where the Federal Civil Service Commission decides otherwise, all first appointments to pensionable establishment in posts other than trainee posts will be on probation."
2,ch2-s02-p01,2,1,2,PSR Chapter 2 Section 2 - Part 1,Chapter 2 Section 2 - Part 1,"Public Service Rules Chapter 2 practice quiz. Section 2, Part 1 of 2.",2-30,29,29,21,Chapter2_Section2.xlsx,Chapter2_Section2,22,Chapter 2 Section 2,20205,Which first appointments are excluded from the probation rule in Rule 020205?,Trainee posts,All senior posts,All confirmed posts,All medical posts,A,Trainee posts,1,"Correct. Under PSR Rule 020205, first appointments to pensionable establishment other than trainee posts are on probation."
2,ch2-s02-p01,2,1,2,PSR Chapter 2 Section 2 - Part 1,Chapter 2 Section 2 - Part 1,"Public Service Rules Chapter 2 practice quiz. Section 2, Part 1 of 2.",2-30,29,29,22,Chapter2_Section2.xlsx,Chapter2_Section2,23,Chapter 2 Section 2,20205,An Officer confirmed in a lower pensionable post and converted to a higher post is treated how under Rule 020205?,He is not regarded as on probation in the higher post,He must start probation again automatically,He becomes unpaid staff,He is deemed to have resigned,A,He is not regarded as on probation in the higher post,1,"Correct. Under PSR Rule 020205, an Officer confirmed in a lower pensionable post is not regarded as on probation in a higher post to which he is converted."
2,ch2-s02-p01,2,1,2,PSR Chapter 2 Section 2 - Part 1,Chapter 2 Section 2 - Part 1,"Public Service Rules Chapter 2 practice quiz. Section 2, Part 1 of 2.",2-30,29,29,23,Chapter2_Section2.xlsx,Chapter2_Section2,24,Chapter 2 Section 2,20206,What is the minimum age for eligibility for appointment into the Federal Public Service under Rule 020206?,18 years,16 years,21 years,25 years,A,18 years,1,"Correct. Under PSR Rule 020206(a), every applicant for appointment into the Federal Public Service must not be less than 18 years of age."
2,ch2-s02-p01,2,1,2,PSR Chapter 2 Section 2 - Part 1,Chapter 2 Section 2 - Part 1,"Public Service Rules Chapter 2 practice quiz. Section 2, Part 1 of 2.",2-30,29,29,24,Chapter2_Section2.xlsx,Chapter2_Section2,25,Chapter 2 Section 2,20206,What is the maximum age for eligibility for appointment into the Federal Public Service under Rule 020206?,45 years,60 years,50 years,65 years,C,50 years,1,"Correct. Under PSR Rule 020206(a), every applicant must not be more than 50 years of age."
2,ch2-s02-p01,2,1,2,PSR Chapter 2 Section 2 - Part 1,Chapter 2 Section 2 - Part 1,"Public Service Rules Chapter 2 practice quiz. Section 2, Part 1 of 2.",2-30,29,29,25,Chapter2_Section2.xlsx,Chapter2_Section2,26,Chapter 2 Section 2,20206,Which qualification requirement is stated under Rule 020206?,Minimum qualification specified in the Schemes of Service including computer proficiency or literacy,Only a verbal recommendation from a friend,Only political endorsement,No qualification is required,A,Minimum qualification specified in the Schemes of Service including computer proficiency or literacy,1,"Correct. Under PSR Rule 020206(b), an applicant must possess the minimum qualification specified in the Schemes of Service, including computer proficiency or literacy."
2,ch2-s02-p01,2,1,2,PSR Chapter 2 Section 2 - Part 1,Chapter 2 Section 2 - Part 1,"Public Service Rules Chapter 2 practice quiz. Section 2, Part 1 of 2.",2-30,29,29,26,Chapter2_Section2.xlsx,Chapter2_Section2,27,Chapter 2 Section 2,20206,What medical condition must an applicant satisfy under Rule 020206?,He must be certified medically fit for Public Service by an authorized Healthcare Provider,He must avoid medical examination,He must provide only a private family note,He must submit only an annual leave form,A,He must be certified medically fit for Public Service by an authorized Healthcare Provider,1,"Correct. Under PSR Rule 020206(c), an applicant must be certified by an authorized Healthcare Provider as medically fit for Public Service."
2,ch2-s02-p01,2,1,2,PSR Chapter 2 Section 2 - Part 1,Chapter 2 Section 2 - Part 1,"Public Service Rules Chapter 2 practice quiz. Section 2, Part 1 of 2.",2-30,29,29,27,Chapter2_Section2.xlsx,Chapter2_Section2,28,Chapter 2 Section 2,20206,What testimonial is required from an applicant under Rule 020206?,"Testimonial of good conduct from last employer or, if not previously employed, from the last school or college attended",Testimonial from a political campaign office only,Testimonial from a private travel agent,Testimonial from a market association only,A,"Testimonial of good conduct from last employer or, if not previously employed, from the last school or college attended",1,"Correct. Under PSR Rule 020206(d), an applicant must possess a testimonial of good conduct from the last employer or, if not previously employed, from the last school or college attended."
2,ch2-s02-p01,2,1,2,PSR Chapter 2 Section 2 - Part 1,Chapter 2 Section 2 - Part 1,"Public Service Rules Chapter 2 practice quiz. Section 2, Part 1 of 2.",2-30,29,29,28,Chapter2_Section2.xlsx,Chapter2_Section2,29,Chapter 2 Section 2,20206,"Under Rule 020206, requisite qualifications must be as provided where?",In the Schemes of Service,In a newspaper advert only,In a political manifesto,In an informal staff list,A,In the Schemes of Service,1,"Correct. Under PSR Rule 020206(e), an applicant must possess requisite qualifications as provided for in the Schemes of Service."
2,ch2-s02-p01,2,1,2,PSR Chapter 2 Section 2 - Part 1,Chapter 2 Section 2 - Part 1,"Public Service Rules Chapter 2 practice quiz. Section 2, Part 1 of 2.",2-30,29,29,29,Chapter2_Section2.xlsx,Chapter2_Section2,30,Chapter 2 Section 2,20206,No Officer shall be appointed into the Federal Public Service without what under Rule 020206?,Authorized establishment and recruitment waiver from the OHCSF,A leave roster only,A private medical bill,A staff union certificate,A,Authorized establishment and recruitment waiver from the OHCSF,1,"Correct. Under PSR Rule 020206(f), no Officer shall be appointed into the Federal Public Service without authorized establishment and recruitment waiver from the Office of the Head of the Civil Service of the Federation."
3,ch2-s02-p02,2,2,2,PSR Chapter 2 Section 2 - Part 2,Chapter 2 Section 2 - Part 2,"Public Service Rules Chapter 2 practice quiz. Section 2, Part 2 of 2.",31-59,29,29,1,Chapter2_Section2.xlsx,Chapter2_Section2,31,Chapter 2 Section 2,20207,When is prior specific approval required before appointing a candidate under Rule 020207?,If the candidate has been convicted of a criminal offence,If the candidate has never worked before,If the candidate has a leave address,If the candidate is below retirement age,A,If the candidate has been convicted of a criminal offence,1,"Correct. Under PSR Rule 020207(a)(i), no candidate shall be appointed without prior specific approval if the candidate has been convicted of a criminal offence."
3,ch2-s02-p02,2,2,2,PSR Chapter 2 Section 2 - Part 2,Chapter 2 Section 2 - Part 2,"Public Service Rules Chapter 2 practice quiz. Section 2, Part 2 of 2.",31-59,29,29,2,Chapter2_Section2.xlsx,Chapter2_Section2,32,Chapter 2 Section 2,20207,Prior specific approval is also required if a candidate was previously employed in Public Service and what happened?,He was dismissed or called upon to resign or retire,He took annual leave,He attended training,He received a posting letter,A,He was dismissed or called upon to resign or retire,1,"Correct. Under PSR Rule 020207(a)(ii), prior specific approval is required if the candidate was previously employed in Public Service and dismissed or called upon to resign or retire."
3,ch2-s02-p02,2,2,2,PSR Chapter 2 Section 2 - Part 2,Chapter 2 Section 2 - Part 2,"Public Service Rules Chapter 2 practice quiz. Section 2, Part 2 of 2.",31-59,29,29,3,Chapter2_Section2.xlsx,Chapter2_Section2,33,Chapter 2 Section 2,20207,Who gives prior specific approval under Rule 020207 for the Federal Public Service?,The Federal Civil Service Commission,The Staff Union Chairman,The candidate’s former employer,The Officer’s colleague,A,The Federal Civil Service Commission,1,"Correct. Under PSR Rule 020207(a), prior specific approval of the Federal Civil Service Commission is required in the listed cases."
3,ch2-s02-p02,2,2,2,PSR Chapter 2 Section 2 - Part 2,Chapter 2 Section 2 - Part 2,"Public Service Rules Chapter 2 practice quiz. Section 2, Part 2 of 2.",31-59,29,29,4,Chapter2_Section2.xlsx,Chapter2_Section2,34,Chapter 2 Section 2,20207,Who gives prior specific approval in the case of Parastatals under Rule 020207?,Board or Council,The Staff Union,The Accountant-General only,The Officer’s family,A,Board or Council,1,"Correct. Under PSR Rule 020207(a), in the case of Parastatals, prior specific approval of the Board or Council is required in the listed cases."
3,ch2-s02-p02,2,2,2,PSR Chapter 2 Section 2 - Part 2,Chapter 2 Section 2 - Part 2,"Public Service Rules Chapter 2 practice quiz. Section 2, Part 2 of 2.",31-59,29,29,5,Chapter2_Section2.xlsx,Chapter2_Section2,35,Chapter 2 Section 2,20207,Must prior specific approval be obtained even where appointment powers have been delegated?,"Yes, it must always be obtained irrespective of any delegation of the Commission’s powers","No, delegation removes the need for approval",Only if the Officer is on annual leave,Only if the candidate requests it,A,"Yes, it must always be obtained irrespective of any delegation of the Commission’s powers",1,"Correct. Under PSR Rule 020207(a), such approval must always be obtained irrespective of any delegation of the Commission’s powers."
3,ch2-s02-p02,2,2,2,PSR Chapter 2 Section 2 - Part 2,Chapter 2 Section 2 - Part 2,"Public Service Rules Chapter 2 practice quiz. Section 2, Part 2 of 2.",31-59,29,29,6,Chapter2_Section2.xlsx,Chapter2_Section2,36,Chapter 2 Section 2,20207,Every applicant for Government employment must state whether he has done what?,Been convicted of a criminal offence,Taken annual leave,Attended a staff meeting,Received a transport allowance,A,Been convicted of a criminal offence,1,"Correct. Under PSR Rule 020207(b)(i), every applicant for employment by Government must state whether he has been convicted of a criminal offence."
3,ch2-s02-p02,2,2,2,PSR Chapter 2 Section 2 - Part 2,Chapter 2 Section 2 - Part 2,"Public Service Rules Chapter 2 practice quiz. Section 2, Part 2 of 2.",31-59,29,29,7,Chapter2_Section2.xlsx,Chapter2_Section2,37,Chapter 2 Section 2,20207,"Under Rule 020207, what employment information must every applicant state?",All employment he has engaged in,Only his current salary,Only his leave address,Only his political preference,A,All employment he has engaged in,1,"Correct. Under PSR Rule 020207(b)(ii), every applicant must state all employment he has engaged in."
3,ch2-s02-p02,2,2,2,PSR Chapter 2 Section 2 - Part 2,Chapter 2 Section 2 - Part 2,"Public Service Rules Chapter 2 practice quiz. Section 2, Part 2 of 2.",31-59,29,29,8,Chapter2_Section2.xlsx,Chapter2_Section2,38,Chapter 2 Section 2,20207,"If an applicant has left any employment, what must he state under Rule 020207?",Why he left the employment,Only the name of his neighbour,Only his preferred posting location,"Nothing, because it is irrelevant",A,Why he left the employment,1,"Correct. Under PSR Rule 020207(b)(iii), every applicant must state, if he has left any employment, why he did so."
3,ch2-s02-p02,2,2,2,PSR Chapter 2 Section 2 - Part 2,Chapter 2 Section 2 - Part 2,"Public Service Rules Chapter 2 practice quiz. Section 2, Part 2 of 2.",31-59,29,29,9,Chapter2_Section2.xlsx,Chapter2_Section2,39,Chapter 2 Section 2,20207,"If an applicant is still in any employment, what must he state under Rule 020207?",Whether he is under any obligation to remain in it,Whether he wants annual leave,Whether he has a new phone number,Whether he wants a promotion,A,Whether he is under any obligation to remain in it,1,"Correct. Under PSR Rule 020207(b)(iv), an applicant still in employment must state whether he is under any obligation to remain in it."
3,ch2-s02-p02,2,2,2,PSR Chapter 2 Section 2 - Part 2,Chapter 2 Section 2 - Part 2,"Public Service Rules Chapter 2 practice quiz. Section 2, Part 2 of 2.",31-59,29,29,10,Chapter2_Section2.xlsx,Chapter2_Section2,40,Chapter 2 Section 2,20207,Which financial declaration must every applicant make under Rule 020207?,Whether he is free from financial embarrassment,Whether he wants a loan immediately,Whether he owns a private vehicle,Whether he has travelled abroad,A,Whether he is free from financial embarrassment,1,"Correct. Under PSR Rule 020207(b)(v), every applicant for employment by Government must state whether he is free from financial embarrassment."
3,ch2-s02-p02,2,2,2,PSR Chapter 2 Section 2 - Part 2,Chapter 2 Section 2 - Part 2,"Public Service Rules Chapter 2 practice quiz. Section 2, Part 2 of 2.",31-59,29,29,11,Chapter2_Section2.xlsx,Chapter2_Section2,41,Chapter 2 Section 2,20208,Which form must applicants for senior posts complete under Rule 020208?,Federal Civil Service Commission Application Form FC. 2,Resumption of Duty Certificate Form L.10,Staff Union Form 1,Medical Treatment Form 130,A,Federal Civil Service Commission Application Form FC. 2,1,"Correct. Under PSR Rule 020208(a), all applicants for senior posts shall complete Federal Civil Service Commission Application Form FC. 2."
3,ch2-s02-p02,2,2,2,PSR Chapter 2 Section 2 - Part 2,Chapter 2 Section 2 - Part 2,"Public Service Rules Chapter 2 practice quiz. Section 2, Part 2 of 2.",31-59,29,29,12,Chapter2_Section2.xlsx,Chapter2_Section2,42,Chapter 2 Section 2,20208,To whom is the FCSC Application Form FC. 2 submitted under Rule 020208?,The Federal Civil Service Commission,The Staff Union,The applicant’s landlord,The Officer’s private school,A,The Federal Civil Service Commission,1,"Correct. Under PSR Rule 020208(a), the Federal Civil Service Commission Application Form FC. 2 is submitted to the Federal Civil Service Commission."
3,ch2-s02-p02,2,2,2,PSR Chapter 2 Section 2 - Part 2,Chapter 2 Section 2 - Part 2,"Public Service Rules Chapter 2 practice quiz. Section 2, Part 2 of 2.",31-59,29,29,13,Chapter2_Section2.xlsx,Chapter2_Section2,43,Chapter 2 Section 2,20208,What does the FCSC do after receiving FC. 2 forms under Rule 020208?,It processes the forms and publishes short-listed names for the prescribed examination,It destroys the forms immediately,It sends them only to the Staff Union,It converts them to leave forms,A,It processes the forms and publishes short-listed names for the prescribed examination,1,"Correct. Under PSR Rule 020208(a), the Commission processes the forms and publishes short-listed names for the examination prescribed in Rule 020102."
3,ch2-s02-p02,2,2,2,PSR Chapter 2 Section 2 - Part 2,Chapter 2 Section 2 - Part 2,"Public Service Rules Chapter 2 practice quiz. Section 2, Part 2 of 2.",31-59,29,29,14,Chapter2_Section2.xlsx,Chapter2_Section2,44,Chapter 2 Section 2,20208,"For appointment to pensionable establishment, which form accompanies the copy of Form Gen. 69 C?",Form Gen. 60,Form L.10,Form FC. 7,Form 020211,A,Form Gen. 60,1,"Correct. Under PSR Rule 020208(b), for appointment to pensionable establishment, Form Gen. 60 accompanies the copy of Form Gen. 69 C."
3,ch2-s02-p02,2,2,2,PSR Chapter 2 Section 2 - Part 2,Chapter 2 Section 2 - Part 2,"Public Service Rules Chapter 2 practice quiz. Section 2, Part 2 of 2.",31-59,29,29,15,Chapter2_Section2.xlsx,Chapter2_Section2,45,Chapter 2 Section 2,20208,Which office is among those to receive Form Gen. 60 and Form Gen. 69 C under Rule 020208?,Office of the Head of the Civil Service of the Federation,The Staff Union Secretariat,The applicant’s former school only,A private business office,A,Office of the Head of the Civil Service of the Federation,1,"Correct. Under PSR Rule 020208(b), the relevant forms are sent to the Office of the Head of the Civil Service of the Federation, among other listed offices."
3,ch2-s02-p02,2,2,2,PSR Chapter 2 Section 2 - Part 2,Chapter 2 Section 2 - Part 2,"Public Service Rules Chapter 2 practice quiz. Section 2, Part 2 of 2.",31-59,29,29,16,Chapter2_Section2.xlsx,Chapter2_Section2,46,Chapter 2 Section 2,20208,Which of the following bodies is listed to receive the forms under Rule 020208?,National Pension Commission,A political party office,Only the Officer’s bank,A private training centre,A,National Pension Commission,1,"Correct. Under PSR Rule 020208(b), the forms are sent to the National Pension Commission, among other listed offices."
3,ch2-s02-p02,2,2,2,PSR Chapter 2 Section 2 - Part 2,Chapter 2 Section 2 - Part 2,"Public Service Rules Chapter 2 practice quiz. Section 2, Part 2 of 2.",31-59,29,29,17,Chapter2_Section2.xlsx,Chapter2_Section2,47,Chapter 2 Section 2,20209,When must a newly appointed Officer enter his personal particulars on Form Gen. 60?,Immediately after assuming duty,After ten years of service,Only after retirement,Only after disciplinary proceedings,A,Immediately after assuming duty,1,"Correct. Under PSR Rule 020209, immediately a newly appointed Officer assumes duty, he shall enter his personal particulars on Form Gen. 60."
3,ch2-s02-p02,2,2,2,PSR Chapter 2 Section 2 - Part 2,Chapter 2 Section 2 - Part 2,"Public Service Rules Chapter 2 practice quiz. Section 2, Part 2 of 2.",31-59,29,29,18,Chapter2_Section2.xlsx,Chapter2_Section2,48,Chapter 2 Section 2,20209,What is Form Gen. 60 called under Rule 020209?,Staff Records Form,Annual Leave Form,Medical Board Form,Promotion Examination Form,A,Staff Records Form,1,"Correct. Under PSR Rule 020209, Form Gen. 60 is the Staff Records Form on which a newly appointed Officer enters his personal particulars."
3,ch2-s02-p02,2,2,2,PSR Chapter 2 Section 2 - Part 2,Chapter 2 Section 2 - Part 2,"Public Service Rules Chapter 2 practice quiz. Section 2, Part 2 of 2.",31-59,29,29,19,Chapter2_Section2.xlsx,Chapter2_Section2,49,Chapter 2 Section 2,20209,A copy of Form Gen. 60 is attached to documents forwarded to which body under Rule 020209?,Pension Fund Administrator or National Pension Commission,Staff Union only,Private hospital only,Local newspaper only,A,Pension Fund Administrator or National Pension Commission,1,"Correct. Under PSR Rule 020209, a copy of Form Gen. 60 is attached to appropriate documents forwarded to the Pension Fund Administrator, National Pension Commission and other relevant Offices or Departments."
3,ch2-s02-p02,2,2,2,PSR Chapter 2 Section 2 - Part 2,Chapter 2 Section 2 - Part 2,"Public Service Rules Chapter 2 practice quiz. Section 2, Part 2 of 2.",31-59,29,29,20,Chapter2_Section2.xlsx,Chapter2_Section2,50,Chapter 2 Section 2,20210,Who must ensure that all newly employed Officers and Staff sign the Oath of Secrecy on Security?,Permanent Secretary or Head of Extra-Ministerial Office,The Staff Union Chairman,The Officer’s colleague,A private security guard,A,Permanent Secretary or Head of Extra-Ministerial Office,1,"Correct. Under PSR Rule 020210, every Permanent Secretary or Head of Extra-Ministerial Office must ensure that all newly employed Officers and Staff sign an Oath of Secrecy on Security."
3,ch2-s02-p02,2,2,2,PSR Chapter 2 Section 2 - Part 2,Chapter 2 Section 2 - Part 2,"Public Service Rules Chapter 2 practice quiz. Section 2, Part 2 of 2.",31-59,29,29,21,Chapter2_Section2.xlsx,Chapter2_Section2,51,Chapter 2 Section 2,20210,Which form is used for the Oath of Secrecy on Security under Rule 020210?,Form 1,Form L.10,Form Gen. 74,Form FC. 5,A,Form 1,1,"Correct. Under PSR Rule 020210, newly employed Officers and Staff sign an Oath of Secrecy on Security using Form 1."
3,ch2-s02-p02,2,2,2,PSR Chapter 2 Section 2 - Part 2,Chapter 2 Section 2 - Part 2,"Public Service Rules Chapter 2 practice quiz. Section 2, Part 2 of 2.",31-59,29,29,22,Chapter2_Section2.xlsx,Chapter2_Section2,52,Chapter 2 Section 2,20210,What must be done with signed Oaths of Secrecy under Rule 020210?,They must be carefully preserved,They must be destroyed immediately,They must be published online,They must be given to private contractors,A,They must be carefully preserved,1,"Correct. Under PSR Rule 020210, signed Oaths of Secrecy must be carefully preserved."
3,ch2-s02-p02,2,2,2,PSR Chapter 2 Section 2 - Part 2,Chapter 2 Section 2 - Part 2,"Public Service Rules Chapter 2 practice quiz. Section 2, Part 2 of 2.",31-59,29,29,23,Chapter2_Section2.xlsx,Chapter2_Section2,53,Chapter 2 Section 2,20210,Rule 020210 is without prejudice to which Act?,Freedom of Information Act,Public Procurement Act only,Employees Compensation Act only,Pension Reform Act only,A,Freedom of Information Act,1,"Correct. Under PSR Rule 020210, the requirement to sign and preserve the Oath of Secrecy is without prejudice to the provisions of the Freedom of Information Act."
3,ch2-s02-p02,2,2,2,PSR Chapter 2 Section 2 - Part 2,Chapter 2 Section 2 - Part 2,"Public Service Rules Chapter 2 practice quiz. Section 2, Part 2 of 2.",31-59,29,29,24,Chapter2_Section2.xlsx,Chapter2_Section2,54,Chapter 2 Section 2,20211,What does Rule 020211 prohibit?,Membership of any secret society by a public Officer,Annual leave by public Officers,Medical examination by public Officers,Participation in training by public Officers,A,Membership of any secret society by a public Officer,1,"Correct. Under PSR Rule 020211, no public Officer shall be a member of any secret society."
3,ch2-s02-p02,2,2,2,PSR Chapter 2 Section 2 - Part 2,Chapter 2 Section 2 - Part 2,"Public Service Rules Chapter 2 practice quiz. Section 2, Part 2 of 2.",31-59,29,29,25,Chapter2_Section2.xlsx,Chapter2_Section2,55,Chapter 2 Section 2,20211,"If a person was a member of a secret society before appointment, what must he do under Rule 020211?",Renounce his membership forthwith by making a statutory declaration,Continue membership secretly,Wait until retirement before leaving,Seek promotion through the society,A,Renounce his membership forthwith by making a statutory declaration,1,"Correct. Under PSR Rule 020211, any public Officer who before appointment was a member of a secret society must renounce membership forthwith by making a statutory declaration."
3,ch2-s02-p02,2,2,2,PSR Chapter 2 Section 2 - Part 2,Chapter 2 Section 2 - Part 2,"Public Service Rules Chapter 2 practice quiz. Section 2, Part 2 of 2.",31-59,29,29,26,Chapter2_Section2.xlsx,Chapter2_Section2,56,Chapter 2 Section 2,20211,How must prior membership of a secret society be renounced under Rule 020211?,By making a statutory declaration,By verbal statement to a friend only,By refusing medical examination,By taking annual leave,A,By making a statutory declaration,1,"Correct. Under PSR Rule 020211, renunciation of membership of a secret society must be by statutory declaration."
3,ch2-s02-p02,2,2,2,PSR Chapter 2 Section 2 - Part 2,Chapter 2 Section 2 - Part 2,"Public Service Rules Chapter 2 practice quiz. Section 2, Part 2 of 2.",31-59,29,29,27,Chapter2_Section2.xlsx,Chapter2_Section2,57,Chapter 2 Section 2,20212,Contravention of Rule 020211 is regarded as what?,An act of serious misconduct,A minor clerical error,Annual leave entitlement,Medical exemption,A,An act of serious misconduct,1,"Correct. Under PSR Rule 020212, contravention of Rule 020211 on secret society membership is regarded as an act of serious misconduct."
3,ch2-s02-p02,2,2,2,PSR Chapter 2 Section 2 - Part 2,Chapter 2 Section 2 - Part 2,"Public Service Rules Chapter 2 practice quiz. Section 2, Part 2 of 2.",31-59,29,29,28,Chapter2_Section2.xlsx,Chapter2_Section2,58,Chapter 2 Section 2,20212,What disciplinary consequence may follow contravention of Rule 020211 under Rule 020212?,Appropriate disciplinary action which may include dismissal from the Service,Automatic promotion,Immediate annual leave,Payment of leave allowance,A,Appropriate disciplinary action which may include dismissal from the Service,1,"Correct. Under PSR Rule 020212, contravention of Rule 020211 attracts appropriate disciplinary action which may include dismissal from the Service."
3,ch2-s02-p02,2,2,2,PSR Chapter 2 Section 2 - Part 2,Chapter 2 Section 2 - Part 2,"Public Service Rules Chapter 2 practice quiz. Section 2, Part 2 of 2.",31-59,29,29,29,Chapter2_Section2.xlsx,Chapter2_Section2,59,Chapter 2 Section 2,020201-020212,"Which statement best summarises Chapter 2, Section 2 of the PSR?","It covers recruitment, types of appointment, advertising hard-to-fill posts, trainee or pupil appointments, probation, eligibility, prior approval, appointment forms, personal records, oath of secrecy and prohibition of secret society membership",It deals only with medical treatment abroad,It deals only with annual leave computation,It deals only with burial expenses,A,"It covers recruitment, types of appointment, advertising hard-to-fill posts, trainee or pupil appointments, probation, eligibility, prior approval, appointment forms, personal records, oath of secrecy and prohibition of secret society membership",1,"Correct. PSR Chapter 2, Section 2, Rules 020201 to 020212 cover recruitment, types of appointment, difficult-to-fill posts, trainee or pupil appointment, probation, eligibility, prior approval, appointment procedure, personal particulars, oath of secrecy, secret society prohibition and contravention."
4,ch2-s03-p01,3,1,1,PSR Chapter 2 Section 3,Chapter 2 Section 3,Public Service Rules Chapter 2 practice quiz. Section 3.,2-35,34,34,1,Chapter2_Section3.xlsx,Chapter2_Section3,2,Chapter 2 Section 3,20301,"Under Rule 020301, how long are Officers on probation required to serve before confirmation in the Service?",Six months only,Two years,Five years,One month,B,Two years,1,"Correct. Under PSR Chapter 2, Section 3, Rule 020301, Officers on probation are required to serve for two years before being confirmed in the Service."
4,ch2-s03-p01,3,1,1,PSR Chapter 2 Section 3,Chapter 2 Section 3,Public Service Rules Chapter 2 practice quiz. Section 3.,2-35,34,34,2,Chapter2_Section3.xlsx,Chapter2_Section3,3,Chapter 2 Section 3,20301,"Under Rule 020301, the probationary period may be reduced to not less than what period?",One year,Three months,Six months,Two weeks,C,Six months,1,"Correct. Under PSR Rule 020301, the probationary period may be reduced, but not to less than six months, by deducting previous satisfactory Public Service in cognate posts involving similar duties."
4,ch2-s03-p01,3,1,1,PSR Chapter 2 Section 3,Chapter 2 Section 3,Public Service Rules Chapter 2 practice quiz. Section 3.,2-35,34,34,3,Chapter2_Section3.xlsx,Chapter2_Section3,4,Chapter 2 Section 3,20301,What previous service may be deducted from the probationary period under Rule 020301?,Any private business experience,Previous Public Service rendered satisfactorily in posts of cognate status involving similar duties,Any period of annual leave,Unapproved absence from duty,B,Previous Public Service rendered satisfactorily in posts of cognate status involving similar duties,1,"Correct. Under PSR Rule 020301, previous satisfactory Public Service in posts of cognate status involving similar duties may be deducted when reducing the probationary period."
4,ch2-s03-p01,3,1,1,PSR Chapter 2 Section 3,Chapter 2 Section 3,Public Service Rules Chapter 2 practice quiz. Section 3.,2-35,34,34,4,Chapter2_Section3.xlsx,Chapter2_Section3,5,Chapter 2 Section 3,20301,The probationary period shall not exceed two years unless an extension is approved by whom?,The Staff Union,The Officer’s colleague,The Federal Civil Service Commission,The Accountant-General,C,The Federal Civil Service Commission,1,"Correct. Under PSR Rule 020301, the probationary period shall not exceed two years unless an extension is approved by the Federal Civil Service Commission."
4,ch2-s03-p01,3,1,1,PSR Chapter 2 Section 3,Chapter 2 Section 3,Public Service Rules Chapter 2 practice quiz. Section 3.,2-35,34,34,5,Chapter2_Section3.xlsx,Chapter2_Section3,6,Chapter 2 Section 3,20301,An extension of probation under Rule 020301 may result in what penalty if the Commission so decides?,Incremental penalty referred to in Rule 040206,Automatic promotion,Maternity leave reduction,Burial allowance stoppage,A,Incremental penalty referred to in Rule 040206,1,"Correct. Under PSR Rule 020301, an extension of probation may result in the incremental penalty referred to in Rule 040206, if the Federal Civil Service Commission so decides."
4,ch2-s03-p01,3,1,1,PSR Chapter 2 Section 3,Chapter 2 Section 3,Public Service Rules Chapter 2 practice quiz. Section 3.,2-35,34,34,6,Chapter2_Section3.xlsx,Chapter2_Section3,7,Chapter 2 Section 3,20301,Which statement best describes the general rule on probation under Rule 020301?,Probation is always one month and cannot be extended,"Probation is two years, may be reduced to not less than six months, and may exceed two years only with FCSC approval",Probation applies only to retired Officers,Probation automatically ends without examination,B,"Probation is two years, may be reduced to not less than six months, and may exceed two years only with FCSC approval",1,"Correct. PSR Rule 020301 provides that probation is normally two years, may be reduced to not less than six months for relevant previous Public Service, and may exceed two years only where the Federal Civil Service Commission approves extension."
4,ch2-s03-p01,3,1,1,PSR Chapter 2 Section 3,Chapter 2 Section 3,Public Service Rules Chapter 2 practice quiz. Section 3.,2-35,34,34,7,Chapter2_Section3.xlsx,Chapter2_Section3,8,Chapter 2 Section 3,20302,"Within his probationary period, what is an Officer required to do under Rule 020302?",Pass the prescribed examination appropriate to his appointment,Proceed on leave of absence,Apply for burial expenses,Refuse confirmation examination,A,Pass the prescribed examination appropriate to his appointment,1,"Correct. Under PSR Chapter 2, Section 3, Rule 020302, an Officer is required within his probationary period to pass the prescribed examination appropriate to his appointment."
4,ch2-s03-p01,3,1,1,PSR Chapter 2 Section 3,Chapter 2 Section 3,Public Service Rules Chapter 2 practice quiz. Section 3.,2-35,34,34,8,Chapter2_Section3.xlsx,Chapter2_Section3,9,Chapter 2 Section 3,20302,"For Officers holding senior posts, the prescribed examinations are those described where?",Chapter 12 and the Leave Circular,Chapter 3 and such other examinations as may be specified in the offer of appointment,Chapter 16 only,Financial Regulations only,B,Chapter 3 and such other examinations as may be specified in the offer of appointment,1,"Correct. Under PSR Rule 020302(a), Officers holding senior posts must pass the examinations described in Chapter 3 and any other examination specified in the individual offer of appointment."
4,ch2-s03-p01,3,1,1,PSR Chapter 2 Section 3,Chapter 2 Section 3,Public Service Rules Chapter 2 practice quiz. Section 3.,2-35,34,34,9,Chapter2_Section3.xlsx,Chapter2_Section3,10,Chapter 2 Section 3,20302,"For clerical grade Officers, what is the prescribed examination under Rule 020302?",Promotion/Confirmation Examination,Medical Board Examination,Procurement Certification Examination,Driving Test,A,Promotion/Confirmation Examination,1,"Correct. Under PSR Rule 020302(b), the prescribed examination for clerical grade Officers is the Promotion/Confirmation Examination."
4,ch2-s03-p01,3,1,1,PSR Chapter 2 Section 3,Chapter 2 Section 3,Public Service Rules Chapter 2 practice quiz. Section 3.,2-35,34,34,10,Chapter2_Section3.xlsx,Chapter2_Section3,11,Chapter 2 Section 3,20302,The examinations for technical grades are those prescribed where?,In the Schemes of Service applicable to the particular post,In the Officer’s leave roster,Only in newspaper advertisements,Only by the Staff Union,A,In the Schemes of Service applicable to the particular post,1,"Correct. Under PSR Rule 020302(c), examinations for technical grades are those prescribed in the Schemes of Service applicable to the particular post."
4,ch2-s03-p01,3,1,1,PSR Chapter 2 Section 3,Chapter 2 Section 3,Public Service Rules Chapter 2 practice quiz. Section 3.,2-35,34,34,11,Chapter2_Section3.xlsx,Chapter2_Section3,12,Chapter 2 Section 3,20302,Which statement correctly reflects Rule 020302?,Every probationary Officer must pass the prescribed examination appropriate to his appointment,Only Officers on suspension take confirmation examinations,Confirmation examination is optional for all probationary Officers,Technical Officers use casual leave rules for confirmation,A,Every probationary Officer must pass the prescribed examination appropriate to his appointment,1,"Correct. PSR Rule 020302 requires an Officer, within his probationary period, to pass the prescribed examination appropriate to his appointment."
4,ch2-s03-p01,3,1,1,PSR Chapter 2 Section 3,Chapter 2 Section 3,Public Service Rules Chapter 2 practice quiz. Section 3.,2-35,34,34,12,Chapter2_Section3.xlsx,Chapter2_Section3,13,Chapter 2 Section 3,20303,"To be eligible for confirmation in Permanent Establishment, what must an Officer appointed on probation do?","Pass the prescribed examination, if any, and complete probation to the satisfaction of the appointing authority",Serve for one week only,Refuse to take the prescribed examination,Obtain approval from a Staff Union only,A,"Pass the prescribed examination, if any, and complete probation to the satisfaction of the appointing authority",1,"Correct. Under PSR Rule 020303, an Officer on probation must pass the prescribed examination, if any, and complete the probationary period to the satisfaction of the authority empowered to appoint him."
4,ch2-s03-p01,3,1,1,PSR Chapter 2 Section 3,Chapter 2 Section 3,Public Service Rules Chapter 2 practice quiz. Section 3.,2-35,34,34,13,Chapter2_Section3.xlsx,Chapter2_Section3,14,Chapter 2 Section 3,20303,Who must be satisfied before a probationary Officer is confirmed under Rule 020303?,The authority empowered to appoint him,The Officer’s neighbour,The Staff Union Treasurer,A private consultant,A,The authority empowered to appoint him,1,"Correct. Under PSR Rule 020303, the Officer must complete the probationary period to the satisfaction of the authority empowered to appoint him."
4,ch2-s03-p01,3,1,1,PSR Chapter 2 Section 3,Chapter 2 Section 3,Public Service Rules Chapter 2 practice quiz. Section 3.,2-35,34,34,14,Chapter2_Section3.xlsx,Chapter2_Section3,15,Chapter 2 Section 3,20303,"At the end of the probationary period, what happens to the Officer unless his appointment is terminated or extended?",He is confirmed in his appointment,He is automatically dismissed,He proceeds on unpaid leave,He becomes a contract Officer,A,He is confirmed in his appointment,1,"Correct. Under PSR Rule 020303, at the end of the probationary period, the Officer will be confirmed in his appointment unless his probationary appointment is terminated or extended."
4,ch2-s03-p01,3,1,1,PSR Chapter 2 Section 3,Chapter 2 Section 3,Public Service Rules Chapter 2 practice quiz. Section 3.,2-35,34,34,15,Chapter2_Section3.xlsx,Chapter2_Section3,16,Chapter 2 Section 3,20303,Which of the following may happen at the end of probation under Rule 020303?,"Confirmation, termination or extension of probation",Automatic political appointment,Automatic overseas posting,Compulsory resignation without assessment,A,"Confirmation, termination or extension of probation",1,"Correct. Under PSR Rule 020303, at the end of probation, the Officer is confirmed unless his probationary appointment is terminated or extended."
4,ch2-s03-p01,3,1,1,PSR Chapter 2 Section 3,Chapter 2 Section 3,Public Service Rules Chapter 2 practice quiz. Section 3.,2-35,34,34,16,Chapter2_Section3.xlsx,Chapter2_Section3,17,Chapter 2 Section 3,20304,"Under Rule 020304, how are recommendations on confirmation of Officers holding senior posts made?",In the progress report prescribed in Chapter 5 of the Rules,By newspaper publication,By verbal message from colleagues,Through casual leave application,A,In the progress report prescribed in Chapter 5 of the Rules,1,"Correct. Under PSR Rule 020304, recommendations of Permanent Secretaries/Heads of Extra-Ministerial Offices regarding confirmation of Officers holding senior posts shall be made in the progress report prescribed in Chapter 5 of the Rules."
4,ch2-s03-p01,3,1,1,PSR Chapter 2 Section 3,Chapter 2 Section 3,Public Service Rules Chapter 2 practice quiz. Section 3.,2-35,34,34,17,Chapter2_Section3.xlsx,Chapter2_Section3,18,Chapter 2 Section 3,20304,Who makes recommendations regarding confirmation of Officers holding senior posts under Rule 020304?,Permanent Secretaries or Heads of Extra-Ministerial Offices,The Officer’s family,The Staff Union only,The private sector employer,A,Permanent Secretaries or Heads of Extra-Ministerial Offices,1,"Correct. Under PSR Rule 020304, Permanent Secretaries and Heads of Extra-Ministerial Offices make recommendations regarding confirmation of Officers holding senior posts."
4,ch2-s03-p01,3,1,1,PSR Chapter 2 Section 3,Chapter 2 Section 3,Public Service Rules Chapter 2 practice quiz. Section 3.,2-35,34,34,18,Chapter2_Section3.xlsx,Chapter2_Section3,19,Chapter 2 Section 3,20304,Rule 020304 links senior post confirmation recommendation to which chapter?,Chapter 5,Chapter 12,Chapter 16,Chapter 18,A,Chapter 5,1,"Correct. Under PSR Rule 020304, recommendations for confirmation of Officers holding senior posts are made in the progress report prescribed in Chapter 5."
4,ch2-s03-p01,3,1,1,PSR Chapter 2 Section 3,Chapter 2 Section 3,Public Service Rules Chapter 2 practice quiz. Section 3.,2-35,34,34,19,Chapter2_Section3.xlsx,Chapter2_Section3,20,Chapter 2 Section 3,20305,"Under Rule 020305, membership of the Junior Staff Committee and Senior Staff Committee in Parastatals shall include whose representative?",Representative of the Department of Human Resource Management of the supervising Ministry,Representative of the Officer’s landlord,Representative of a private travel agency,Representative of the applicant’s family,A,Representative of the Department of Human Resource Management of the supervising Ministry,1,"Correct. Under PSR Rule 020305, membership of JSC and SSC in Parastatals shall include the representative of the Department of Human Resource Management of the supervising Ministry."
4,ch2-s03-p01,3,1,1,PSR Chapter 2 Section 3,Chapter 2 Section 3,Public Service Rules Chapter 2 practice quiz. Section 3.,2-35,34,34,20,Chapter2_Section3.xlsx,Chapter2_Section3,21,Chapter 2 Section 3,20305,Which office must have an observer in the JSC and SSC in Parastatals under Rule 020305?,Office of the Head of the Civil Service of the Federation,Office of the Auditor-General only,Office of the Accountant-General only,Staff Union Secretariat,A,Office of the Head of the Civil Service of the Federation,1,"Correct. Under PSR Rule 020305, membership of the Junior Staff Committee and Senior Staff Committee in Parastatals shall include an observer from the Office of the Head of the Civil Service of the Federation."
4,ch2-s03-p01,3,1,1,PSR Chapter 2 Section 3,Chapter 2 Section 3,Public Service Rules Chapter 2 practice quiz. Section 3.,2-35,34,34,21,Chapter2_Section3.xlsx,Chapter2_Section3,22,Chapter 2 Section 3,20305,Rule 020305 concerns membership of which committees in Parastatals?,Junior Staff Committee and Senior Staff Committee,Medical Board and Procurement Committee,Leave Committee and Burial Committee,Housing Committee and Transport Committee,A,Junior Staff Committee and Senior Staff Committee,1,Correct. PSR Rule 020305 provides for membership of the Junior Staff Committee and Senior Staff Committee in Parastatals.
4,ch2-s03-p01,3,1,1,PSR Chapter 2 Section 3,Chapter 2 Section 3,Public Service Rules Chapter 2 practice quiz. Section 3.,2-35,34,34,22,Chapter2_Section3.xlsx,Chapter2_Section3,23,Chapter 2 Section 3,20305,Which statement correctly summarises Rule 020305?,JSC and SSC in Parastatals must include HRM representative of the supervising Ministry and an OHCSF observer,JSC and SSC in Parastatals consist only of private consultants,JSC and SSC in Parastatals are abolished,JSC and SSC in Parastatals are controlled only by Staff Union officials,A,JSC and SSC in Parastatals must include HRM representative of the supervising Ministry and an OHCSF observer,1,"Correct. Under PSR Rule 020305, the Junior Staff Committee and Senior Staff Committee in Parastatals include the supervising Ministry’s HRM representative and an observer from the Office of the Head of the Civil Service of the Federation."
4,ch2-s03-p01,3,1,1,PSR Chapter 2 Section 3,Chapter 2 Section 3,Public Service Rules Chapter 2 practice quiz. Section 3.,2-35,34,34,23,Chapter2_Section3.xlsx,Chapter2_Section3,24,Chapter 2 Section 3,20306,"Under Rule 020306, a newly recruited Officer may sit for compulsory examinations for confirmation after spending what minimum period?",Six months and above,One week,Three years only,Ten years,A,Six months and above,1,"Correct. Under PSR Rule 020306, a newly recruited Officer who has spent six months and above shall be allowed to sit for compulsory examinations for confirmation in the Service."
4,ch2-s03-p01,3,1,1,PSR Chapter 2 Section 3,Chapter 2 Section 3,Public Service Rules Chapter 2 practice quiz. Section 3.,2-35,34,34,24,Chapter2_Section3.xlsx,Chapter2_Section3,25,Chapter 2 Section 3,20306,Rule 020306 is without prejudice to which rule?,Rule 020301,Rule 120101,Rule 130401,Rule 060101,A,Rule 020301,1,"Correct. Under PSR Rule 020306, the provision allowing newly recruited Officers who have spent six months and above to sit for compulsory examinations is without prejudice to Rule 020301."
4,ch2-s03-p01,3,1,1,PSR Chapter 2 Section 3,Chapter 2 Section 3,Public Service Rules Chapter 2 practice quiz. Section 3.,2-35,34,34,25,Chapter2_Section3.xlsx,Chapter2_Section3,26,Chapter 2 Section 3,20306,What type of examinations may a newly recruited Officer sit for after six months and above under Rule 020306?,Compulsory examinations for confirmation in the Service,Medical Board examination only,Driving examination only,Procurement examination only,A,Compulsory examinations for confirmation in the Service,1,"Correct. Under PSR Rule 020306, a newly recruited Officer who has spent six months and above shall be allowed to sit for compulsory examinations for confirmation in the Service."
4,ch2-s03-p01,3,1,1,PSR Chapter 2 Section 3,Chapter 2 Section 3,Public Service Rules Chapter 2 practice quiz. Section 3.,2-35,34,34,26,Chapter2_Section3.xlsx,Chapter2_Section3,27,Chapter 2 Section 3,20307,"Under Rule 020307, transfer from one senior post to another within the Federal Public Service requires whose prior approval?",Federal Civil Service Commission or appropriate board of relevant agency,The Officer’s colleague only,The Staff Union Chairman,The Officer’s family,A,Federal Civil Service Commission or appropriate board of relevant agency,1,"Correct. Under PSR Rule 020307, transfer from one senior post to another or from one class to another within the Federal Public Service requires prior approval of the Federal Civil Service Commission or the appropriate board of the relevant agency."
4,ch2-s03-p01,3,1,1,PSR Chapter 2 Section 3,Chapter 2 Section 3,Public Service Rules Chapter 2 practice quiz. Section 3.,2-35,34,34,27,Chapter2_Section3.xlsx,Chapter2_Section3,28,Chapter 2 Section 3,20307,"Before seeking transfer to another post under Rule 020307, an Officer must have served how long in his original post?",Minimum period of six months,Minimum period of ten years,One week only,One month only,A,Minimum period of six months,1,"Correct. Under PSR Rule 020307, an Officer must have served for a minimum period of six months in his original post before seeking transfer to another post."
4,ch2-s03-p01,3,1,1,PSR Chapter 2 Section 3,Chapter 2 Section 3,Public Service Rules Chapter 2 practice quiz. Section 3.,2-35,34,34,28,Chapter2_Section3.xlsx,Chapter2_Section3,29,Chapter 2 Section 3,20307,To whom must an application for transfer under Rule 020307 be submitted?,Permanent Secretary/Head of Extra-Ministerial Office or Agency of the applicant,The Officer’s neighbour,The Staff Union only,A private consultant,A,Permanent Secretary/Head of Extra-Ministerial Office or Agency of the applicant,1,"Correct. Under PSR Rule 020307, an application for transfer must be submitted to the Permanent Secretary/Head of Extra-Ministerial Office or Agency of the applicant."
4,ch2-s03-p01,3,1,1,PSR Chapter 2 Section 3,Chapter 2 Section 3,Public Service Rules Chapter 2 practice quiz. Section 3.,2-35,34,34,29,Chapter2_Section3.xlsx,Chapter2_Section3,30,Chapter 2 Section 3,20307,What must an Officer’s transfer application state under Rule 020307?,The applicant’s reasons for desiring transfer and his qualifications for the work to be undertaken,Only the Officer’s leave address,Only the Officer’s salary account,Only the Officer’s family details,A,The applicant’s reasons for desiring transfer and his qualifications for the work to be undertaken,1,"Correct. Under PSR Rule 020307, the transfer application must state the applicant’s reasons for desiring a transfer and his qualifications for the work to be undertaken."
4,ch2-s03-p01,3,1,1,PSR Chapter 2 Section 3,Chapter 2 Section 3,Public Service Rules Chapter 2 practice quiz. Section 3.,2-35,34,34,30,Chapter2_Section3.xlsx,Chapter2_Section3,31,Chapter 2 Section 3,20307,Who forwards the transfer application to the Federal Civil Service Commission under Rule 020307?,The Permanent Secretary/Head of Extra-Ministerial Office,The Officer’s colleague,The Staff Union Treasurer,The private employer,A,The Permanent Secretary/Head of Extra-Ministerial Office,1,"Correct. Under PSR Rule 020307, the Permanent Secretary or Head of Extra-Ministerial Office forwards the transfer application to the Federal Civil Service Commission."
4,ch2-s03-p01,3,1,1,PSR Chapter 2 Section 3,Chapter 2 Section 3,Public Service Rules Chapter 2 practice quiz. Section 3.,2-35,34,34,31,Chapter2_Section3.xlsx,Chapter2_Section3,32,Chapter 2 Section 3,20307,Which statement must accompany the transfer application under Rule 020307?,A statement on how the applicant has performed his duties,A statement on the Officer’s family ceremonies only,A statement on the Officer’s private business only,A statement from the Officer’s neighbour,A,A statement on how the applicant has performed his duties,1,"Correct. Under PSR Rule 020307, the application should be forwarded with a statement showing how the applicant has performed his duties."
4,ch2-s03-p01,3,1,1,PSR Chapter 2 Section 3,Chapter 2 Section 3,Public Service Rules Chapter 2 practice quiz. Section 3.,2-35,34,34,32,Chapter2_Section3.xlsx,Chapter2_Section3,33,Chapter 2 Section 3,20307,The statement forwarded with a transfer application must also indicate what under Rule 020307?,Whether the applicant is considered well qualified for the post desired,Whether the applicant owns a private vehicle,Whether the applicant prefers annual leave abroad,Whether the applicant belongs to a social club,A,Whether the applicant is considered well qualified for the post desired,1,"Correct. Under PSR Rule 020307, the forwarded statement must indicate whether the applicant is considered well qualified for the post desired."
4,ch2-s03-p01,3,1,1,PSR Chapter 2 Section 3,Chapter 2 Section 3,Public Service Rules Chapter 2 practice quiz. Section 3.,2-35,34,34,33,Chapter2_Section3.xlsx,Chapter2_Section3,34,Chapter 2 Section 3,20307,The Permanent Secretary/Head of Extra-Ministerial Office must include what recommendation on the transfer application?,Recommendation as to the grant or refusal of the application,Recommendation for automatic dismissal,Recommendation for burial expenses,Recommendation for maternity leave,A,Recommendation as to the grant or refusal of the application,1,"Correct. Under PSR Rule 020307, the forwarded statement must include recommendations as to the grant or refusal of the transfer application."
4,ch2-s03-p01,3,1,1,PSR Chapter 2 Section 3,Chapter 2 Section 3,Public Service Rules Chapter 2 practice quiz. Section 3.,2-35,34,34,34,Chapter2_Section3.xlsx,Chapter2_Section3,35,Chapter 2 Section 3,020301-020307,"Which statement best summarises Chapter 2, Section 3 of the PSR?","It covers probation period, compulsory examination, confirmation or termination, progress reports for senior posts, JSC/SSC membership, COMPRO examination eligibility and transfer within the Federal Public Service",It deals only with medical treatment abroad,It deals only with burial expenses,It deals only with annual leave,A,"It covers probation period, compulsory examination, confirmation or termination, progress reports for senior posts, JSC/SSC membership, COMPRO examination eligibility and transfer within the Federal Public Service",1,"Correct. PSR Chapter 2, Section 3, Rules 020301 to 020307 cover rules for appointment on probation, including probation period, compulsory examination, confirmation or termination, senior post confirmation reports, JSC/SSC membership in Parastatals, COMPRO examination eligibility and transfer within the Federal Public Service."
5,ch2-s04-p01,4,1,2,PSR Chapter 2 Section 4 - Part 1,Chapter 2 Section 4 - Part 1,"Public Service Rules Chapter 2 practice quiz. Section 4, Part 1 of 2.",2-41,40,40,1,Chapter2_Section4.xlsx,Chapter2_Section4,2,Chapter 2 Section 4,20401,"Under Rule 020401, why may short-term appointments be made in the Public Service?",To punish Officers for poor performance,To fill observed skills gaps or shore up the capacities of existing Officers,To replace all pensionable appointments permanently,To avoid using the Schemes of Service,B,To fill observed skills gaps or shore up the capacities of existing Officers,1,"Correct. Under PSR Chapter 2, Section 4, Rule 020401, short-term appointments may be made where specialized or new/emerging skills are required to fill observed gaps or strengthen the capacities of existing Officers."
5,ch2-s04-p01,4,1,2,PSR Chapter 2 Section 4 - Part 1,Chapter 2 Section 4 - Part 1,"Public Service Rules Chapter 2 practice quiz. Section 4, Part 1 of 2.",2-41,40,40,2,Chapter2_Section4.xlsx,Chapter2_Section4,3,Chapter 2 Section 4,20401,Which of the following is one category of short-term appointment listed under Rule 020401?,Contract Appointment,Compulsory Retirement,Disciplinary Suspension,Annual Leave,A,Contract Appointment,1,"Correct. Under PSR Rule 020401, Contract Appointment is one of the categories of short-term appointments in the Federal Public Service."
5,ch2-s04-p01,4,1,2,PSR Chapter 2 Section 4 - Part 1,Chapter 2 Section 4 - Part 1,"Public Service Rules Chapter 2 practice quiz. Section 4, Part 1 of 2.",2-41,40,40,3,Chapter2_Section4.xlsx,Chapter2_Section4,4,Chapter 2 Section 4,20401,Which option correctly lists categories of short-term appointment under Rule 020401?,"Contract Appointment, Sabbatical Appointment, Career Exchange Programme, Talent Sourcing Strategy, Internship and Volunteerism","Probation, Promotion, Retirement and Dismissal","Annual Leave, Casual Leave, Sick Leave and Maternity Leave","Posting, Transfer, Discipline and Appeal",A,"Contract Appointment, Sabbatical Appointment, Career Exchange Programme, Talent Sourcing Strategy, Internship and Volunteerism",1,"Correct. PSR Rule 020401 lists Contract Appointment, Sabbatical Appointment, Career Exchange Programme, Talent Sourcing Strategy, Internship and Volunteerism as categories of short-term appointment."
5,ch2-s04-p01,4,1,2,PSR Chapter 2 Section 4 - Part 1,Chapter 2 Section 4 - Part 1,"Public Service Rules Chapter 2 practice quiz. Section 4, Part 1 of 2.",2-41,40,40,4,Chapter2_Section4.xlsx,Chapter2_Section4,5,Chapter 2 Section 4,20401,Short-term appointments under Rule 020401 may involve specialized skills that are what?,Only political skills,Only skills prescribed in disciplinary rules,Prescribed or not prescribed in the Schemes of Service,Only skills used by retired Officers,C,Prescribed or not prescribed in the Schemes of Service,1,"Correct. Under PSR Rule 020401, specialized or new/emerging skills may or may not have been prescribed in the Schemes of Service."
5,ch2-s04-p01,4,1,2,PSR Chapter 2 Section 4 - Part 1,Chapter 2 Section 4 - Part 1,"Public Service Rules Chapter 2 practice quiz. Section 4, Part 1 of 2.",2-41,40,40,5,Chapter2_Section4.xlsx,Chapter2_Section4,6,Chapter 2 Section 4,20402,What is a Contract Appointment under Rule 020402?,A permanent pensionable appointment,A temporary appointment that does not provide for payment of pension,An automatic promotion into a senior post,A leave arrangement for study abroad,B,A temporary appointment that does not provide for payment of pension,1,"Correct. Under PSR Rule 020402, a Contract Appointment is a temporary appointment that does not provide for payment of pension and is made for a specific period."
5,ch2-s04-p01,4,1,2,PSR Chapter 2 Section 4 - Part 1,Chapter 2 Section 4 - Part 1,"Public Service Rules Chapter 2 practice quiz. Section 4, Part 1 of 2.",2-41,40,40,6,Chapter2_Section4.xlsx,Chapter2_Section4,7,Chapter 2 Section 4,20402,Who makes contract appointment to posts under Rule 020402 in the core Federal Civil Service?,The Staff Union,The Federal Civil Service Commission,The Officer’s family,The Pension Fund Administrator,B,The Federal Civil Service Commission,1,"Correct. Under PSR Rule 020402, contract appointment to the relevant level is made by the Federal Civil Service Commission in the core Federal Civil Service."
5,ch2-s04-p01,4,1,2,PSR Chapter 2 Section 4 - Part 1,Chapter 2 Section 4 - Part 1,"Public Service Rules Chapter 2 practice quiz. Section 4, Part 1 of 2.",2-41,40,40,7,Chapter2_Section4.xlsx,Chapter2_Section4,8,Chapter 2 Section 4,20402,Who makes contract appointment in Parastatals and Agencies under Rule 020402?,The Governing Board,The Officer’s colleague,The Federal Road Safety Corps only,The Staff Union,A,The Governing Board,1,"Correct. Under PSR Rule 020402, in the case of Parastatals and Agencies, contract appointment is made by the Governing Board."
5,ch2-s04-p01,4,1,2,PSR Chapter 2 Section 4 - Part 1,Chapter 2 Section 4 - Part 1,"Public Service Rules Chapter 2 practice quiz. Section 4, Part 1 of 2.",2-41,40,40,8,Chapter2_Section4.xlsx,Chapter2_Section4,9,Chapter 2 Section 4,20402,How must a contract appointment be recorded under Rule 020402?,By verbal promise only,In a formal document of agreement,By social media announcement,By informal office note,B,In a formal document of agreement,1,"Correct. Under PSR Rule 020402, a contract appointment must be recorded in a formal document of agreement."
5,ch2-s04-p01,4,1,2,PSR Chapter 2 Section 4 - Part 1,Chapter 2 Section 4 - Part 1,"Public Service Rules Chapter 2 practice quiz. Section 4, Part 1 of 2.",2-41,40,40,9,Chapter2_Section4.xlsx,Chapter2_Section4,10,Chapter 2 Section 4,20403,Contract Appointment may be offered where the Service no longer has what?,Officers with specific skills needed to perform related functions,Annual leave rosters,Enough official vehicles,Staff quarters,A,Officers with specific skills needed to perform related functions,1,"Correct. Under PSR Rule 020403(i), Contract Appointment may be offered if it is established that the Service no longer has Officers with specific skills provided in the approved Schemes of Service to perform the related functions."
5,ch2-s04-p01,4,1,2,PSR Chapter 2 Section 4 - Part 1,Chapter 2 Section 4 - Part 1,"Public Service Rules Chapter 2 practice quiz. Section 4, Part 1 of 2.",2-41,40,40,10,Chapter2_Section4.xlsx,Chapter2_Section4,11,Chapter 2 Section 4,20403,"Under Rule 020403, contract appointment may arise from which situation?","Emerging cadres, courses, skills and the creation of new ones",An Officer’s refusal to resume from leave,Disciplinary punishment,Failure to sign attendance register,A,"Emerging cadres, courses, skills and the creation of new ones",1,"Correct. Under PSR Rule 020403(ii), Contract Appointment may be based on circumstances arising from emerging cadres, courses, skills and the creation of new ones as well as prevailing realities."
5,ch2-s04-p01,4,1,2,PSR Chapter 2 Section 4 - Part 1,Chapter 2 Section 4 - Part 1,"Public Service Rules Chapter 2 practice quiz. Section 4, Part 1 of 2.",2-41,40,40,11,Chapter2_Section4.xlsx,Chapter2_Section4,12,Chapter 2 Section 4,20403,Contract Appointment may be tied to what under Rule 020403?,Funded projects or programmes with specified life span,Unapproved private business,Permanent tenure without end,Annual leave computation,A,Funded projects or programmes with specified life span,1,"Correct. Under PSR Rule 020403(iii), Contract Appointment may be tied to funded projects or programmes with specified life span."
5,ch2-s04-p01,4,1,2,PSR Chapter 2 Section 4 - Part 1,Chapter 2 Section 4 - Part 1,"Public Service Rules Chapter 2 practice quiz. Section 4, Part 1 of 2.",2-41,40,40,12,Chapter2_Section4.xlsx,Chapter2_Section4,13,Chapter 2 Section 4,20403,When may Contract Appointment be offered to expatriates under Rule 020403?,Only when suitable Nigerians are not available,Whenever expatriates apply first,Only when a post is below GL. 06,Only after all Nigerians are retired,A,Only when suitable Nigerians are not available,1,"Correct. Under PSR Rule 020403(iv), Contract Appointment may be offered to expatriates only when suitable Nigerians are not available."
5,ch2-s04-p01,4,1,2,PSR Chapter 2 Section 4 - Part 1,Chapter 2 Section 4 - Part 1,"Public Service Rules Chapter 2 practice quiz. Section 4, Part 1 of 2.",2-41,40,40,13,Chapter2_Section4.xlsx,Chapter2_Section4,14,Chapter 2 Section 4,20403,Which Nigerian may be considered for Contract Appointment under Rule 020403?,A pensioner,A newly recruited Officer on probation only,An Officer under dismissal,Any person without specialized skill,A,A pensioner,1,"Correct. Under PSR Rule 020403(v)(a), Contract Appointment may be offered to Nigerians if they are pensioners."
5,ch2-s04-p01,4,1,2,PSR Chapter 2 Section 4 - Part 1,Chapter 2 Section 4 - Part 1,"Public Service Rules Chapter 2 practice quiz. Section 4, Part 1 of 2.",2-41,40,40,14,Chapter2_Section4.xlsx,Chapter2_Section4,15,Chapter 2 Section 4,20403,"Under Rule 020403, a Nigerian may be considered for Contract Appointment if he is at least what age at the time of appointment?",35 years,40 years,45 years,50 years,D,50 years,1,"Correct. Under PSR Rule 020403(v)(b), Contract Appointment may be offered to Nigerians if they are 50 years of age or over at the time they are being appointed."
5,ch2-s04-p01,4,1,2,PSR Chapter 2 Section 4 - Part 1,Chapter 2 Section 4 - Part 1,"Public Service Rules Chapter 2 practice quiz. Section 4, Part 1 of 2.",2-41,40,40,15,Chapter2_Section4.xlsx,Chapter2_Section4,16,Chapter 2 Section 4,20403,"Where a Nigerian specifically requests employment on contract terms, what further condition applies under Rule 020403?",It must be deemed in the best interest of the Service,It must be approved by the Staff Union only,It must be for annual leave purposes,It must avoid advertisement always,A,It must be deemed in the best interest of the Service,1,"Correct. Under PSR Rule 020403(v)(c), a Nigerian who specifically requests contract terms may be employed if it is deemed in the best interest of the Service."
5,ch2-s04-p01,4,1,2,PSR Chapter 2 Section 4 - Part 1,Chapter 2 Section 4 - Part 1,"Public Service Rules Chapter 2 practice quiz. Section 4, Part 1 of 2.",2-41,40,40,16,Chapter2_Section4.xlsx,Chapter2_Section4,17,Chapter 2 Section 4,20403,"Where specialized competencies or skills are required for Contract Appointment, how must the post be advertised under Rule 020403?",In at least three national newspapers,Only on a notice board,Only by word of mouth,Only through a private WhatsApp group,A,In at least three national newspapers,1,"Correct. Under PSR Rule 020403(v)(d), where the candidate possesses specialized competencies or skills, such posts must be duly advertised in at least three national newspapers."
5,ch2-s04-p01,4,1,2,PSR Chapter 2 Section 4 - Part 1,Chapter 2 Section 4 - Part 1,"Public Service Rules Chapter 2 practice quiz. Section 4, Part 1 of 2.",2-41,40,40,17,Chapter2_Section4.xlsx,Chapter2_Section4,18,Chapter 2 Section 4,20404,"Under Rule 020404, the conditions of service of an Officer on short-term appointment are those provided where?",In his contract,In the Officer’s personal diary,In the Staff Union constitution only,In a newspaper report,A,In his contract,1,"Correct. Under PSR Rule 020404(i), the conditions of service of an Officer on short-term appointment are those provided in his contract."
5,ch2-s04-p01,4,1,2,PSR Chapter 2 Section 4 - Part 1,Chapter 2 Section 4 - Part 1,"Public Service Rules Chapter 2 practice quiz. Section 4, Part 1 of 2.",2-41,40,40,18,Chapter2_Section4.xlsx,Chapter2_Section4,19,Chapter 2 Section 4,20404,"Do PSR privileges, emoluments or allowances automatically apply to an Officer on short-term appointment?","Yes, they apply automatically in every case","No, unless they are stated in the contract itself","Yes, if the Officer is above 50 years","Yes, if the Officer requests them",B,"No, unless they are stated in the contract itself",1,"Correct. Under PSR Rule 020404(i), the privileges, emoluments or allowances in the PSR do not apply to a short-term appointee unless stated in the contract itself."
5,ch2-s04-p01,4,1,2,PSR Chapter 2 Section 4 - Part 1,Chapter 2 Section 4 - Part 1,"Public Service Rules Chapter 2 practice quiz. Section 4, Part 1 of 2.",2-41,40,40,19,Chapter2_Section4.xlsx,Chapter2_Section4,20,Chapter 2 Section 4,20404,Questions on interpretation of a short-term appointment contract affecting conditions of service should be referred to whom?,The Office of the Head of the Civil Service of the Federation,The Officer’s family,The Staff Union only,The host department clerk,A,The Office of the Head of the Civil Service of the Federation,1,"Correct. Under PSR Rule 020404(i), questions on interpretation of a contract affecting conditions of service should be referred to the Office of the Head of the Civil Service of the Federation."
5,ch2-s04-p01,4,1,2,PSR Chapter 2 Section 4 - Part 1,Chapter 2 Section 4 - Part 1,"Public Service Rules Chapter 2 practice quiz. Section 4, Part 1 of 2.",2-41,40,40,20,Chapter2_Section4.xlsx,Chapter2_Section4,21,Chapter 2 Section 4,20404,"Under Rule 020404, what is the position of spouses married to Nigerians before Nigerian citizenship is granted?",They should remain on contract until granted Nigerian citizenship before being considered for permanent appointment,They must immediately become permanent Officers,They are automatically placed on pensionable appointment,They must be exempted from contract rules,A,They should remain on contract until granted Nigerian citizenship before being considered for permanent appointment,1,"Correct. Under PSR Rule 020404(iii), spouses married to Nigerians should remain on contract until granted Nigerian citizenship before being considered for permanent appointment."
5,ch2-s04-p01,4,1,2,PSR Chapter 2 Section 4 - Part 1,Chapter 2 Section 4 - Part 1,"Public Service Rules Chapter 2 practice quiz. Section 4, Part 1 of 2.",2-41,40,40,21,Chapter2_Section4.xlsx,Chapter2_Section4,22,Chapter 2 Section 4,20405,"Under Rule 020405, which body in an MDA identifies required skills for Contract Appointment?",The Senior Staff Committee,The Staff Union,The Pension Fund Administrator,The Officer’s family,A,The Senior Staff Committee,1,"Correct. Under PSR Rule 020405(i), MDAs through their Senior Staff Committee identify required skills and defend the skills at the OHCSF."
5,ch2-s04-p01,4,1,2,PSR Chapter 2 Section 4 - Part 1,Chapter 2 Section 4 - Part 1,"Public Service Rules Chapter 2 practice quiz. Section 4, Part 1 of 2.",2-41,40,40,22,Chapter2_Section4.xlsx,Chapter2_Section4,23,Chapter 2 Section 4,20405,What is the role of the OHCSF in the skill-identification process under Rule 020405?,To work out and approve waiver for the desired skills,To conduct burial arrangements,To approve annual leave rosters,To replace the Federal Civil Service Commission,A,To work out and approve waiver for the desired skills,1,"Correct. Under PSR Rule 020405(i), the OHCSF works out and approves waiver for the desired skills after the MDA defends the identified skills."
5,ch2-s04-p01,4,1,2,PSR Chapter 2 Section 4 - Part 1,Chapter 2 Section 4 - Part 1,"Public Service Rules Chapter 2 practice quiz. Section 4, Part 1 of 2.",2-41,40,40,23,Chapter2_Section4.xlsx,Chapter2_Section4,24,Chapter 2 Section 4,20405,Which form must a prospective applicant submit for Contract Appointment under Rule 020405?,FCSC Form 2,Form L.10,Form Gen. 60 only,Medical Board Form,A,FCSC Form 2,1,"Correct. Under PSR Rule 020405(ii), the prospective applicant must apply by submitting a duly filled FCSC Form 2 as required."
5,ch2-s04-p01,4,1,2,PSR Chapter 2 Section 4 - Part 1,Chapter 2 Section 4 - Part 1,"Public Service Rules Chapter 2 practice quiz. Section 4, Part 1 of 2.",2-41,40,40,24,Chapter2_Section4.xlsx,Chapter2_Section4,25,Chapter 2 Section 4,20405,"Under Rule 020405, Contract Appointment must not be made below which salary grade level?",SGL. 06,SGL. 10,SGL. 12,SGL. 15,C,SGL. 12,1,"Correct. Under PSR Rule 020405(iii), the post to which contract appointment is made must not be below SGL. 12."
5,ch2-s04-p01,4,1,2,PSR Chapter 2 Section 4 - Part 1,Chapter 2 Section 4 - Part 1,"Public Service Rules Chapter 2 practice quiz. Section 4, Part 1 of 2.",2-41,40,40,25,Chapter2_Section4.xlsx,Chapter2_Section4,26,Chapter 2 Section 4,20405,Contract Appointment must be based on what process under Rule 020405?,"Fair, open and competitive selection process",Secret nomination only,Automatic appointment by relatives,Unadvertised verbal agreement,A,"Fair, open and competitive selection process",1,"Correct. Under PSR Rule 020405(iv), Contract Appointment must be based on merit through a fair, open and competitive selection process."
5,ch2-s04-p01,4,1,2,PSR Chapter 2 Section 4 - Part 1,Chapter 2 Section 4 - Part 1,"Public Service Rules Chapter 2 practice quiz. Section 4, Part 1 of 2.",2-41,40,40,26,Chapter2_Section4.xlsx,Chapter2_Section4,27,Chapter 2 Section 4,20405,Contract Appointment under Rule 020405 must not jeopardize what?,The career prospects of serving Officers,The applicant’s private business,The Staff Union election timetable,The Officer’s leave address,A,The career prospects of serving Officers,1,"Correct. Under PSR Rule 020405(iv), Contract Appointment must not jeopardize the career prospects of serving Officers."
5,ch2-s04-p01,4,1,2,PSR Chapter 2 Section 4 - Part 1,Chapter 2 Section 4 - Part 1,"Public Service Rules Chapter 2 practice quiz. Section 4, Part 1 of 2.",2-41,40,40,27,Chapter2_Section4.xlsx,Chapter2_Section4,28,Chapter 2 Section 4,20405,"For Contract Appointment of non-Nigerians, who undertakes immigration responsibilities under Rule 020405?",Government,The Officer’s family,The Staff Union,The prospective applicant alone,A,Government,1,"Correct. Under PSR Rule 020405(v), Government undertakes immigration responsibilities, including relevant working or residence permit, for non-Nigerians."
5,ch2-s04-p01,4,1,2,PSR Chapter 2 Section 4 - Part 1,Chapter 2 Section 4 - Part 1,"Public Service Rules Chapter 2 practice quiz. Section 4, Part 1 of 2.",2-41,40,40,28,Chapter2_Section4.xlsx,Chapter2_Section4,29,Chapter 2 Section 4,20405,What is the normal duration of Contract Appointment under Rule 020405?,"One or two years, renewable but not more than four years in all",Seven years without renewal,Ten years automatically,Six months only,A,"One or two years, renewable but not more than four years in all",1,"Correct. Under PSR Rule 020405(vii), the duration of Contract Appointment should be one or two years and renewable, but not more than four years in all."
5,ch2-s04-p01,4,1,2,PSR Chapter 2 Section 4 - Part 1,Chapter 2 Section 4 - Part 1,"Public Service Rules Chapter 2 practice quiz. Section 4, Part 1 of 2.",2-41,40,40,29,Chapter2_Section4.xlsx,Chapter2_Section4,30,Chapter 2 Section 4,20406,"Under Rule 020406, a Contract Officer must be responsible for what as part of his duties?",Mentoring serving Officers,Approving his own promotion,Conducting political campaigns,Avoiding performance appraisal,A,Mentoring serving Officers,1,"Correct. Under PSR Rule 020406(i), a Contract Officer must, as part of his duties, be responsible for mentoring serving Officers as a condition for the contract appointment."
5,ch2-s04-p01,4,1,2,PSR Chapter 2 Section 4 - Part 1,Chapter 2 Section 4 - Part 1,"Public Service Rules Chapter 2 practice quiz. Section 4, Part 1 of 2.",2-41,40,40,30,Chapter2_Section4.xlsx,Chapter2_Section4,31,Chapter 2 Section 4,20406,What undertaking must a Contract Officer sign under Rule 020406?,To accept posting or transfer to any part of the country,To refuse posting outside headquarters,To avoid confidential reports,To demand automatic pension,A,To accept posting or transfer to any part of the country,1,"Correct. Under PSR Rule 020406(ii), a Contract Officer must sign an undertaking to accept posting or transfer to any part of the country."
5,ch2-s04-p01,4,1,2,PSR Chapter 2 Section 4 - Part 1,Chapter 2 Section 4 - Part 1,"Public Service Rules Chapter 2 practice quiz. Section 4, Part 1 of 2.",2-41,40,40,31,Chapter2_Section4.xlsx,Chapter2_Section4,32,Chapter 2 Section 4,20406,How are Officers appointed on contract appraised under Rule 020406?,Through confidential report as applicable in the Service,Through public voting,Through family recommendation only,They are not appraised,A,Through confidential report as applicable in the Service,1,"Correct. Under PSR Rule 020406(iii), Officers appointed on contract are subject to performance appraisal through confidential report as applicable in the Service."
5,ch2-s04-p01,4,1,2,PSR Chapter 2 Section 4 - Part 1,Chapter 2 Section 4 - Part 1,"Public Service Rules Chapter 2 practice quiz. Section 4, Part 1 of 2.",2-41,40,40,32,Chapter2_Section4.xlsx,Chapter2_Section4,33,Chapter 2 Section 4,20406,"Under Rule 020406, Contract staff must sign the oath of secrecy in line with which rule?",Rule 020210,Rule 120101,Rule 130401,Rule 100601,A,Rule 020210,1,"Correct. Under PSR Rule 020406(iv), Contract staff must sign the oath of secrecy in line with PSR Rule 020210."
5,ch2-s04-p01,4,1,2,PSR Chapter 2 Section 4 - Part 1,Chapter 2 Section 4 - Part 1,"Public Service Rules Chapter 2 practice quiz. Section 4, Part 1 of 2.",2-41,40,40,33,Chapter2_Section4.xlsx,Chapter2_Section4,34,Chapter 2 Section 4,20407,Who may terminate a Contract Appointment in accordance with the terms of the contract?,Government,The Officer’s landlord,The Staff Union,The Officer’s colleague,A,Government,1,"Correct. Under PSR Rule 020407(a), an appointment on contract may be terminated by Government at any time in accordance with the terms specified in the contract itself."
5,ch2-s04-p01,4,1,2,PSR Chapter 2 Section 4 - Part 1,Chapter 2 Section 4 - Part 1,"Public Service Rules Chapter 2 practice quiz. Section 4, Part 1 of 2.",2-41,40,40,34,Chapter2_Section4.xlsx,Chapter2_Section4,35,Chapter 2 Section 4,20407,A recommendation to terminate the appointment of a Contract Officer must be accompanied by what?,A full statement of the consideration which prompted it,A leave roster only,A Staff Union attendance list,A newspaper advert,A,A full statement of the consideration which prompted it,1,"Correct. Under PSR Rule 020407(a), a recommendation to the Federal Civil Service Commission for termination must be accompanied by a full statement of the consideration which prompted it."
5,ch2-s04-p01,4,1,2,PSR Chapter 2 Section 4 - Part 1,Chapter 2 Section 4 - Part 1,"Public Service Rules Chapter 2 practice quiz. Section 4, Part 1 of 2.",2-41,40,40,35,Chapter2_Section4.xlsx,Chapter2_Section4,36,Chapter 2 Section 4,20407,"On receiving a termination recommendation, what may the Federal Civil Service Commission decide?",Whether to terminate forthwith or allow the Officer to submit formal representation,Whether to grant annual leave only,Whether to pay burial expenses,Whether to appoint the Officer permanently without review,A,Whether to terminate forthwith or allow the Officer to submit formal representation,1,"Correct. Under PSR Rule 020407(a), the FCSC decides whether the appointment should be terminated forthwith or whether the Officer should be offered opportunity to submit formal representation before final decision."
5,ch2-s04-p01,4,1,2,PSR Chapter 2 Section 4 - Part 1,Chapter 2 Section 4 - Part 1,"Public Service Rules Chapter 2 practice quiz. Section 4, Part 1 of 2.",2-41,40,40,36,Chapter2_Section4.xlsx,Chapter2_Section4,37,Chapter 2 Section 4,20407,Termination of Contract Appointment by the holder is subject to what?,The terms of the contract,The Officer’s private preference only,The Staff Union constitution,The leave roster,A,The terms of the contract,1,"Correct. Under PSR Rule 020407(b), termination of a contract appointment by the holder is subject to the terms of the contract."
5,ch2-s04-p01,4,1,2,PSR Chapter 2 Section 4 - Part 1,Chapter 2 Section 4 - Part 1,"Public Service Rules Chapter 2 practice quiz. Section 4, Part 1 of 2.",2-41,40,40,37,Chapter2_Section4.xlsx,Chapter2_Section4,38,Chapter 2 Section 4,20407,Questions about waiving penalty under a contract agreement should be referred to whom?,The Office of the Head of the Civil Service of the Federation,The Officer’s family,The Staff Union Treasurer,The nearest newspaper office,A,The Office of the Head of the Civil Service of the Federation,1,"Correct. Under PSR Rule 020407(b), any question concerning waiver of penalty under a contract agreement shall be referred to the Office of the Head of the Civil Service of the Federation."
5,ch2-s04-p01,4,1,2,PSR Chapter 2 Section 4 - Part 1,Chapter 2 Section 4 - Part 1,"Public Service Rules Chapter 2 practice quiz. Section 4, Part 1 of 2.",2-41,40,40,38,Chapter2_Section4.xlsx,Chapter2_Section4,39,Chapter 2 Section 4,20408,An Officer on contract who desires re-engagement must notify Government how?,In writing through the Permanent Secretary or Head of Extra-Ministerial Office,By verbal message to a colleague,Through social media only,By refusing to proceed on leave,A,In writing through the Permanent Secretary or Head of Extra-Ministerial Office,1,"Correct. Under PSR Rule 020408, an Officer serving on contract who desires re-engagement must inform Government in writing through the Permanent Secretary or Head of Extra-Ministerial Office."
5,ch2-s04-p01,4,1,2,PSR Chapter 2 Section 4 - Part 1,Chapter 2 Section 4 - Part 1,"Public Service Rules Chapter 2 practice quiz. Section 4, Part 1 of 2.",2-41,40,40,39,Chapter2_Section4.xlsx,Chapter2_Section4,40,Chapter 2 Section 4,20408,How long before leave is due must a Contract Officer request re-engagement?,Not less than four months,One week,One year,Two days,A,Not less than four months,1,"Correct. Under PSR Rule 020408, the Officer must give written notification not less than four months before his leave is due."
5,ch2-s04-p01,4,1,2,PSR Chapter 2 Section 4 - Part 1,Chapter 2 Section 4 - Part 1,"Public Service Rules Chapter 2 practice quiz. Section 4, Part 1 of 2.",2-41,40,40,40,Chapter2_Section4.xlsx,Chapter2_Section4,41,Chapter 2 Section 4,20408,"If a Contract Officer gives no notification of desire for re-engagement, what may be assumed?",That he does not desire re-engagement,That he is automatically re-engaged,That he must be promoted,That he is on study leave,A,That he does not desire re-engagement,1,"Correct. Under PSR Rule 020408, in the absence of notification, it may be assumed that the Contract Officer does not desire re-engagement."
6,ch2-s04-p02,4,2,2,PSR Chapter 2 Section 4 - Part 2,Chapter 2 Section 4 - Part 2,"Public Service Rules Chapter 2 practice quiz. Section 4, Part 2 of 2.",42-81,40,40,1,Chapter2_Section4.xlsx,Chapter2_Section4,42,Chapter 2 Section 4,20409,"After receiving a Contract Officer’s request for re-engagement, whose consent must the Permanent Secretary or Head obtain before forwarding recommendation to the FCSC?",The Office of the Head of the Civil Service of the Federation,The Staff Union,The Officer’s family,The Pension Fund Administrator,A,The Office of the Head of the Civil Service of the Federation,1,"Correct. Under PSR Rule 020409, the Permanent Secretary or Head of Extra-Ministerial Office must obtain the consent of the OHCSF before forwarding recommendation for re-engagement to the Federal Civil Service Commission."
6,ch2-s04-p02,4,2,2,PSR Chapter 2 Section 4 - Part 2,Chapter 2 Section 4 - Part 2,"Public Service Rules Chapter 2 practice quiz. Section 4, Part 2 of 2.",42-81,40,40,2,Chapter2_Section4.xlsx,Chapter2_Section4,43,Chapter 2 Section 4,20409,What report must accompany the re-engagement recommendation unless recently forwarded?,An up-to-date confidential report on the Officer,A leave address form,A medical bill,A newspaper advert,A,An up-to-date confidential report on the Officer,1,"Correct. Under PSR Rule 020409, an up-to-date confidential report on the Officer must be enclosed unless such report has been forwarded within the previous two months."
6,ch2-s04-p02,4,2,2,PSR Chapter 2 Section 4 - Part 2,Chapter 2 Section 4 - Part 2,"Public Service Rules Chapter 2 practice quiz. Section 4, Part 2 of 2.",42-81,40,40,3,Chapter2_Section4.xlsx,Chapter2_Section4,44,Chapter 2 Section 4,20409,What may the Permanent Secretary receive in reply under Rule 020409?,Authority to inform the Officer that arrangements will be made to offer re-engagement,Authority to dismiss all contract staff automatically,A leave roster for the next year,A pension clearance certificate,A,Authority to inform the Officer that arrangements will be made to offer re-engagement,1,"Correct. Under PSR Rule 020409(a), the Permanent Secretary or Head may receive authority to inform the Officer that arrangements will be made to offer re-engagement during leave and the proposed terms."
6,ch2-s04-p02,4,2,2,PSR Chapter 2 Section 4 - Part 2,Chapter 2 Section 4 - Part 2,"Public Service Rules Chapter 2 practice quiz. Section 4, Part 2 of 2.",42-81,40,40,4,Chapter2_Section4.xlsx,Chapter2_Section4,45,Chapter 2 Section 4,20409,"Where the original and duplicate re-engagement contract are received, what should the Permanent Secretary or Head do?","Obtain the Officer’s witnessed signature on both copies, deliver the duplicate to the Officer and return the original to OHCSF",Destroy both copies,Keep both copies without signature,Send both copies to the Staff Union,A,"Obtain the Officer’s witnessed signature on both copies, deliver the duplicate to the Officer and return the original to OHCSF",1,"Correct. Under PSR Rule 020409(b), the Permanent Secretary or Head obtains the Officer’s witnessed signature on both copies, delivers the duplicate to the Officer and returns the original to the OHCSF."
6,ch2-s04-p02,4,2,2,PSR Chapter 2 Section 4 - Part 2,Chapter 2 Section 4 - Part 2,"Public Service Rules Chapter 2 practice quiz. Section 4, Part 2 of 2.",42-81,40,40,5,Chapter2_Section4.xlsx,Chapter2_Section4,46,Chapter 2 Section 4,20410,"If a Permanent Secretary cannot recommend re-engagement of a Contract Officer, whose approval must be sought before informing the Officer?",The Federal Civil Service Commission,The Staff Union,The Officer’s family,The Accountant-General,A,The Federal Civil Service Commission,1,"Correct. Under PSR Rule 020410, where the Permanent Secretary or Head cannot recommend re-engagement, approval of the Federal Civil Service Commission must be sought before informing the Officer."
6,ch2-s04-p02,4,2,2,PSR Chapter 2 Section 4 - Part 2,Chapter 2 Section 4 - Part 2,"Public Service Rules Chapter 2 practice quiz. Section 4, Part 2 of 2.",42-81,40,40,6,Chapter2_Section4.xlsx,Chapter2_Section4,47,Chapter 2 Section 4,20410,"After approval is received not to re-engage a Contract Officer, what must the Permanent Secretary do?",Inform the Officer without delay,Wait until after retirement,Publish the matter in newspapers first,Ignore the Officer’s request,A,Inform the Officer without delay,1,"Correct. Under PSR Rule 020410, after receiving approval, the Permanent Secretary or Head of Extra-Ministerial Office must inform the Officer without delay that he will not be re-engaged."
6,ch2-s04-p02,4,2,2,PSR Chapter 2 Section 4 - Part 2,Chapter 2 Section 4 - Part 2,"Public Service Rules Chapter 2 practice quiz. Section 4, Part 2 of 2.",42-81,40,40,7,Chapter2_Section4.xlsx,Chapter2_Section4,48,Chapter 2 Section 4,20411,When will service under a new contract be treated as continuous?,Where re-engagement is completed by signing a new contract before the end of vacation leave under the expiring contract,Where the Officer signs after five years,Where the Officer gives no notice,Where the Officer refuses to sign,A,Where re-engagement is completed by signing a new contract before the end of vacation leave under the expiring contract,1,"Correct. Under PSR Rule 020411, service under a new contract is treated as continuous if re-engagement is completed by signing a new contract before the end of vacation leave granted under the expiring contract."
6,ch2-s04-p02,4,2,2,PSR Chapter 2 Section 4 - Part 2,Chapter 2 Section 4 - Part 2,"Public Service Rules Chapter 2 practice quiz. Section 4, Part 2 of 2.",42-81,40,40,8,Chapter2_Section4.xlsx,Chapter2_Section4,49,Chapter 2 Section 4,20412,"Where retired Officers are re-engaged into career posts, on what grade level are they appointed?",The grade level immediately below that on which they retired,The same grade level plus two levels,Any grade level chosen by the Officer,SGL. 01 only,A,The grade level immediately below that on which they retired,1,"Correct. Under PSR Rule 020412, retired Officers re-engaged into career posts are appointed on the grade level immediately below that on which they retired."
6,ch2-s04-p02,4,2,2,PSR Chapter 2 Section 4 - Part 2,Chapter 2 Section 4 - Part 2,"Public Service Rules Chapter 2 practice quiz. Section 4, Part 2 of 2.",42-81,40,40,9,Chapter2_Section4.xlsx,Chapter2_Section4,50,Chapter 2 Section 4,20412,Retired Officers re-engaged into career posts may maintain what under Rule 020412?,Their last step at retirement,Automatic pensionable appointment,Promotion without interview,Unlimited contract duration,A,Their last step at retirement,1,"Correct. Under PSR Rule 020412, retired Officers re-engaged into career posts are eligible to maintain their last step at retirement."
6,ch2-s04-p02,4,2,2,PSR Chapter 2 Section 4 - Part 2,Chapter 2 Section 4 - Part 2,"Public Service Rules Chapter 2 practice quiz. Section 4, Part 2 of 2.",42-81,40,40,10,Chapter2_Section4.xlsx,Chapter2_Section4,51,Chapter 2 Section 4,20412,How is the remuneration of non-Public or non-Civil Servants determined under Rule 020412?,Based on negotiable terms by the parties concerned,Fixed automatically at Director level,Based only on pension rules,By the Staff Union,A,Based on negotiable terms by the parties concerned,1,"Correct. Under PSR Rule 020412, the remuneration of non-Public or non-Civil Servants is based on negotiable terms by the parties concerned."
6,ch2-s04-p02,4,2,2,PSR Chapter 2 Section 4 - Part 2,Chapter 2 Section 4 - Part 2,"Public Service Rules Chapter 2 practice quiz. Section 4, Part 2 of 2.",42-81,40,40,11,Chapter2_Section4.xlsx,Chapter2_Section4,52,Chapter 2 Section 4,20413,What is Sabbatical Appointment under Rule 020413?,Appointment of an Officer on GL. 15 or equivalent and above for research and professional development,Appointment of junior staff on GL. 03 only,A disciplinary suspension,A permanent pensionable promotion,A,Appointment of an Officer on GL. 15 or equivalent and above for research and professional development,1,"Correct. Under PSR Rule 020413, Sabbatical Appointment applies to an Officer on GL. 15 or equivalent and above for research and professional development."
6,ch2-s04-p02,4,2,2,PSR Chapter 2 Section 4 - Part 2,Chapter 2 Section 4 - Part 2,"Public Service Rules Chapter 2 practice quiz. Section 4, Part 2 of 2.",42-81,40,40,12,Chapter2_Section4.xlsx,Chapter2_Section4,53,Chapter 2 Section 4,20413,What is the duration of Sabbatical Appointment under Rule 020413?,12 calendar months,Two weeks,Six years,Three working days,A,12 calendar months,1,"Correct. Under PSR Rule 020413, Sabbatical Appointment shall be for a period of 12 calendar months."
6,ch2-s04-p02,4,2,2,PSR Chapter 2 Section 4 - Part 2,Chapter 2 Section 4 - Part 2,"Public Service Rules Chapter 2 practice quiz. Section 4, Part 2 of 2.",42-81,40,40,13,Chapter2_Section4.xlsx,Chapter2_Section4,54,Chapter 2 Section 4,20414,"Under Rule 020414, who pays travel expenses, lodging and sundries during Sabbatical Appointment?",The host MDA or Organization,The Staff Union,The Officer’s family,The parent MDA only,A,The host MDA or Organization,1,"Correct. Under PSR Rule 020414, the host MDA or Organization is responsible for payment of travel expenses, lodging and sundries."
6,ch2-s04-p02,4,2,2,PSR Chapter 2 Section 4 - Part 2,Chapter 2 Section 4 - Part 2,"Public Service Rules Chapter 2 practice quiz. Section 4, Part 2 of 2.",42-81,40,40,14,Chapter2_Section4.xlsx,Chapter2_Section4,55,Chapter 2 Section 4,20414,"Under Rule 020414, who continues to pay the Officer’s salary during Sabbatical Appointment?",The parent MDA or Organization,The Officer personally,The Staff Union,The host MDA only,A,The parent MDA or Organization,1,"Correct. Under PSR Rule 020414, the parent MDA or Organization continues to pay the Officer’s salary for the duration of the leave."
6,ch2-s04-p02,4,2,2,PSR Chapter 2 Section 4 - Part 2,Chapter 2 Section 4 - Part 2,"Public Service Rules Chapter 2 practice quiz. Section 4, Part 2 of 2.",42-81,40,40,15,Chapter2_Section4.xlsx,Chapter2_Section4,56,Chapter 2 Section 4,20415,What does Internship connote under Rule 020415?,A structured experience related to a student’s or graduate’s discipline or career goal,A disciplinary trial period,A permanent appointment on pensionable terms,A compulsory retirement process,A,A structured experience related to a student’s or graduate’s discipline or career goal,1,"Correct. Under PSR Rule 020415, Internship connotes a structured experience related to a student’s or graduate’s discipline or career goal."
6,ch2-s04-p02,4,2,2,PSR Chapter 2 Section 4 - Part 2,Chapter 2 Section 4 - Part 2,"Public Service Rules Chapter 2 practice quiz. Section 4, Part 2 of 2.",42-81,40,40,16,Chapter2_Section4.xlsx,Chapter2_Section4,57,Chapter 2 Section 4,20415,What is one purpose of Internship under Rule 020415?,"To facilitate acquisition of practical skills, workplace experience and greater professional knowledge",To replace all regular employment,To provide automatic promotion,To avoid formal training,A,"To facilitate acquisition of practical skills, workplace experience and greater professional knowledge",1,"Correct. Under PSR Rule 020415, Internship facilitates acquisition of practical skills, workplace experience and greater knowledge of the profession."
6,ch2-s04-p02,4,2,2,PSR Chapter 2 Section 4 - Part 2,Chapter 2 Section 4 - Part 2,"Public Service Rules Chapter 2 practice quiz. Section 4, Part 2 of 2.",42-81,40,40,17,Chapter2_Section4.xlsx,Chapter2_Section4,58,Chapter 2 Section 4,20416,What does Volunteerism mean under Rule 020416?,"Offering one’s time or talents for charitable, educational or other worthwhile activities",Receiving automatic pension without service,Refusing public service duties,Compulsory paid employment,A,"Offering one’s time or talents for charitable, educational or other worthwhile activities",1,"Correct. Under PSR Rule 020416, Volunteerism denotes offering one’s time or talents for charitable, educational or other worthwhile activities, especially in one’s community."
6,ch2-s04-p02,4,2,2,PSR Chapter 2 Section 4 - Part 2,Chapter 2 Section 4 - Part 2,"Public Service Rules Chapter 2 practice quiz. Section 4, Part 2 of 2.",42-81,40,40,18,Chapter2_Section4.xlsx,Chapter2_Section4,59,Chapter 2 Section 4,20416,"According to Rule 020416, volunteers are driven by what?",Passion to leave a noble legacy of service to humanity,Desire to avoid service,Automatic promotion rights,Compulsory appointment rules,A,Passion to leave a noble legacy of service to humanity,1,"Correct. Under PSR Rule 020416, volunteers are driven by passion to leave a noble legacy of service to humanity."
6,ch2-s04-p02,4,2,2,PSR Chapter 2 Section 4 - Part 2,Chapter 2 Section 4 - Part 2,"Public Service Rules Chapter 2 practice quiz. Section 4, Part 2 of 2.",42-81,40,40,19,Chapter2_Section4.xlsx,Chapter2_Section4,60,Chapter 2 Section 4,20417,Where is the Focal Office for volunteer programme established under Rule 020417?,In the OHCSF,In the Staff Union office,In the Officer’s MDA only,In the Pension Fund Administrator office,A,In the OHCSF,1,"Correct. Under PSR Rule 020417(i), a Focal Office shall be established in the OHCSF to identify fields or tasks available for volunteer programmes and disseminate information."
6,ch2-s04-p02,4,2,2,PSR Chapter 2 Section 4 - Part 2,Chapter 2 Section 4 - Part 2,"Public Service Rules Chapter 2 practice quiz. Section 4, Part 2 of 2.",42-81,40,40,20,Chapter2_Section4.xlsx,Chapter2_Section4,61,Chapter 2 Section 4,20417,What are MDAs required to establish in supportive role for internship and volunteerism under Rule 020417?,Desks for the two programmes,Disciplinary panels only,Private recruitment agencies,Pension boards,A,Desks for the two programmes,1,"Correct. Under PSR Rule 020417(i), MDAs in supportive role are required to establish Desks for the two programmes."
6,ch2-s04-p02,4,2,2,PSR Chapter 2 Section 4 - Part 2,Chapter 2 Section 4 - Part 2,"Public Service Rules Chapter 2 practice quiz. Section 4, Part 2 of 2.",42-81,40,40,21,Chapter2_Section4.xlsx,Chapter2_Section4,62,Chapter 2 Section 4,20417,What must the Focal Office upload on the OHCSF website under Rule 020417?,"Skills, benefits, conditions of engagement and requisite qualifications",Personal bank details of applicants,Disciplinary records of Officers,All pension records,A,"Skills, benefits, conditions of engagement and requisite qualifications",1,"Correct. Under PSR Rule 020417(ii), the Focal Office uploads skills highlighting benefits and conditions of engagement with requisite qualifications on the OHCSF website."
6,ch2-s04-p02,4,2,2,PSR Chapter 2 Section 4 - Part 2,Chapter 2 Section 4 - Part 2,"Public Service Rules Chapter 2 practice quiz. Section 4, Part 2 of 2.",42-81,40,40,22,Chapter2_Section4.xlsx,Chapter2_Section4,63,Chapter 2 Section 4,20417,How do prospective volunteers apply under Rule 020417?,In response to advertisement on the OHCSF website,By refusing medical fitness certification,By anonymous letter only,By oral request to colleagues,A,In response to advertisement on the OHCSF website,1,"Correct. Under PSR Rule 020417(iii), prospective volunteers with specialty in preferred fields apply for engagement in response to advertisement on the OHCSF website."
6,ch2-s04-p02,4,2,2,PSR Chapter 2 Section 4 - Part 2,Chapter 2 Section 4 - Part 2,"Public Service Rules Chapter 2 practice quiz. Section 4, Part 2 of 2.",42-81,40,40,23,Chapter2_Section4.xlsx,Chapter2_Section4,64,Chapter 2 Section 4,20417,"Before engagement, prospective volunteers must obtain which two clearances or certifications?",Medical fitness by recognized HCP and security clearance from the Police,Approval from a private school and family consent,Annual leave approval and pension clearance,Promotion result and transfer letter,A,Medical fitness by recognized HCP and security clearance from the Police,1,"Correct. Under PSR Rule 020417(iv), prospective volunteers must be certified medically fit by a recognized Healthcare Provider and obtain security clearance from the Police before engagement."
6,ch2-s04-p02,4,2,2,PSR Chapter 2 Section 4 - Part 2,Chapter 2 Section 4 - Part 2,"Public Service Rules Chapter 2 practice quiz. Section 4, Part 2 of 2.",42-81,40,40,24,Chapter2_Section4.xlsx,Chapter2_Section4,65,Chapter 2 Section 4,20417,What must interns engaged directly by MDAs submit under Rule 020417?,Reference letter from their respective institutions,Pension clearance certificate,Retirement notice,Disciplinary query,A,Reference letter from their respective institutions,1,"Correct. Under PSR Rule 020417(v), interns to be engaged directly by MDAs shall submit reference letters from their respective institutions."
6,ch2-s04-p02,4,2,2,PSR Chapter 2 Section 4 - Part 2,Chapter 2 Section 4 - Part 2,"Public Service Rules Chapter 2 practice quiz. Section 4, Part 2 of 2.",42-81,40,40,25,Chapter2_Section4.xlsx,Chapter2_Section4,66,Chapter 2 Section 4,20417,"At the end of internship or volunteer programmes, what should successful candidates receive?",Letters of commendation,Automatic pensionable appointment,Dismissal letters,Promotion to GL. 17,A,Letters of commendation,1,"Correct. Under PSR Rule 020417(vii), successful candidates shall be given letters of commendation at the end of the programmes."
6,ch2-s04-p02,4,2,2,PSR Chapter 2 Section 4 - Part 2,Chapter 2 Section 4 - Part 2,"Public Service Rules Chapter 2 practice quiz. Section 4, Part 2 of 2.",42-81,40,40,26,Chapter2_Section4.xlsx,Chapter2_Section4,67,Chapter 2 Section 4,20418,For how long may interns be engaged part-time during an academic session?,3 to 6 months,12 to 24 months,One week,Two years,A,3 to 6 months,1,"Correct. Under PSR Rule 020418, interns shall be engaged for 3 to 6 months on part-time during an academic session."
6,ch2-s04-p02,4,2,2,PSR Chapter 2 Section 4 - Part 2,Chapter 2 Section 4 - Part 2,"Public Service Rules Chapter 2 practice quiz. Section 4, Part 2 of 2.",42-81,40,40,27,Chapter2_Section4.xlsx,Chapter2_Section4,68,Chapter 2 Section 4,20418,What is the maximum full-time internship period under Rule 020418?,Not more than 12 months,Not more than 4 years,Not more than 6 years,Not more than 3 days,A,Not more than 12 months,1,"Correct. Under PSR Rule 020418, interns may be engaged full-time for a period of not more than 12 months."
6,ch2-s04-p02,4,2,2,PSR Chapter 2 Section 4 - Part 2,Chapter 2 Section 4 - Part 2,"Public Service Rules Chapter 2 practice quiz. Section 4, Part 2 of 2.",42-81,40,40,28,Chapter2_Section4.xlsx,Chapter2_Section4,69,Chapter 2 Section 4,20418,For how long may volunteers be engaged at a time under Rule 020418?,Maximum of 12 months,Maximum of 5 years,Maximum of 2 weeks,Maximum of 6 years,A,Maximum of 12 months,1,"Correct. Under PSR Rule 020418, volunteers shall be engaged for a maximum of 12 months at a time."
6,ch2-s04-p02,4,2,2,PSR Chapter 2 Section 4 - Part 2,Chapter 2 Section 4 - Part 2,"Public Service Rules Chapter 2 practice quiz. Section 4, Part 2 of 2.",42-81,40,40,29,Chapter2_Section4.xlsx,Chapter2_Section4,70,Chapter 2 Section 4,20419,Stipends for Volunteers shall be in accordance with what under Rule 020419?,The rate contained in the National Volunteering Policy by the Office of the Secretary to the Government of the Federation,The Officer’s private negotiation only,The pension scale for Directors,The Staff Union constitution,A,The rate contained in the National Volunteering Policy by the Office of the Secretary to the Government of the Federation,1,"Correct. Under PSR Rule 020419, stipends for Volunteers shall be in accordance with the rate contained in the National Volunteering Policy by the Office of the Secretary to the Government of the Federation."
6,ch2-s04-p02,4,2,2,PSR Chapter 2 Section 4 - Part 2,Chapter 2 Section 4 - Part 2,"Public Service Rules Chapter 2 practice quiz. Section 4, Part 2 of 2.",42-81,40,40,30,Chapter2_Section4.xlsx,Chapter2_Section4,71,Chapter 2 Section 4,20419,Who is responsible for payment of stipends to Volunteers during their service?,Host MDAs,The volunteers’ families,The Staff Union,Private employers only,A,Host MDAs,1,"Correct. Under PSR Rule 020419, Host MDAs are responsible for payment of stipends to Volunteers during the period of their service."
6,ch2-s04-p02,4,2,2,PSR Chapter 2 Section 4 - Part 2,Chapter 2 Section 4 - Part 2,"Public Service Rules Chapter 2 practice quiz. Section 4, Part 2 of 2.",42-81,40,40,31,Chapter2_Section4.xlsx,Chapter2_Section4,72,Chapter 2 Section 4,20417,Stipends paid to interns are at what rate under Rule 020417?,Rates prescribed by relevant circulars issued from time to time,Rates fixed by the intern personally,Rates used for pensioners only,Rates determined by the Staff Union,A,Rates prescribed by relevant circulars issued from time to time,1,"Correct. Under PSR Rule 020417(vi), stipends paid to interns shall be at the rates prescribed by relevant circulars issued from time to time."
6,ch2-s04-p02,4,2,2,PSR Chapter 2 Section 4 - Part 2,Chapter 2 Section 4 - Part 2,"Public Service Rules Chapter 2 practice quiz. Section 4, Part 2 of 2.",42-81,40,40,32,Chapter2_Section4.xlsx,Chapter2_Section4,73,Chapter 2 Section 4,20420,Who may qualify as interns under Rule 020420?,"Postgraduates, undergraduates or students in other tertiary institutions",Only retired Directors,Only Officers on GL. 17,Only pensioners,A,"Postgraduates, undergraduates or students in other tertiary institutions",1,"Correct. Under PSR Rule 020420, interns must be postgraduates, undergraduates or students in other tertiary institutions."
6,ch2-s04-p02,4,2,2,PSR Chapter 2 Section 4 - Part 2,Chapter 2 Section 4 - Part 2,"Public Service Rules Chapter 2 practice quiz. Section 4, Part 2 of 2.",42-81,40,40,33,Chapter2_Section4.xlsx,Chapter2_Section4,74,Chapter 2 Section 4,20420,Which qualification is listed for volunteers under Rule 020420?,"University Degree, HND, NCE, ND, SSCE or its equivalent",Only PhD in all cases,Only GL. 17 status,Only retirement certificate,A,"University Degree, HND, NCE, ND, SSCE or its equivalent",1,"Correct. Under PSR Rule 020420, volunteers must possess a University Degree, HND, NCE, ND, SSCE or its equivalent."
6,ch2-s04-p02,4,2,2,PSR Chapter 2 Section 4 - Part 2,Chapter 2 Section 4 - Part 2,"Public Service Rules Chapter 2 practice quiz. Section 4, Part 2 of 2.",42-81,40,40,34,Chapter2_Section4.xlsx,Chapter2_Section4,75,Chapter 2 Section 4,20421,"Under Rule 020421, which departments or units must be represented in discussions on short-term engagement contracts?","Human Resources, Finance and Accounts, User Department or Unit, and Legal Unit",Only the Staff Union,Only the Officer’s family,Only the host department clerk,A,"Human Resources, Finance and Accounts, User Department or Unit, and Legal Unit",1,"Correct. Under PSR Rule 020421(a), Human Resources Management, Finance and Accounts Department, User Department or Unit and Legal Unit must be represented in discussions on short-term engagement contracts."
6,ch2-s04-p02,4,2,2,PSR Chapter 2 Section 4 - Part 2,Chapter 2 Section 4 - Part 2,"Public Service Rules Chapter 2 practice quiz. Section 4, Part 2 of 2.",42-81,40,40,35,Chapter2_Section4.xlsx,Chapter2_Section4,76,Chapter 2 Section 4,20421,At what level must representation be made in the contract-discussion process under Rule 020421?,Director level,Clerical level only,Intern level only,Volunteer level only,A,Director level,1,"Correct. Under PSR Rule 020421(a)(v), representation in the negotiation, drafting and execution of short-term engagement contracts shall be at the level of Director."
6,ch2-s04-p02,4,2,2,PSR Chapter 2 Section 4 - Part 2,Chapter 2 Section 4 - Part 2,"Public Service Rules Chapter 2 practice quiz. Section 4, Part 2 of 2.",42-81,40,40,36,Chapter2_Section4.xlsx,Chapter2_Section4,77,Chapter 2 Section 4,20421,"After negotiations for short-term engagement, what document must be issued to the employee?",A letter of appointment,A query letter,A leave roster,A pension clearance form,A,A letter of appointment,1,"Correct. Under PSR Rule 020421(b), after negotiations, a letter of appointment shall be issued to the employee."
6,ch2-s04-p02,4,2,2,PSR Chapter 2 Section 4 - Part 2,Chapter 2 Section 4 - Part 2,"Public Service Rules Chapter 2 practice quiz. Section 4, Part 2 of 2.",42-81,40,40,37,Chapter2_Section4.xlsx,Chapter2_Section4,78,Chapter 2 Section 4,20421,The letter of appointment after short-term engagement negotiations must be endorsed by whom?,The Permanent Secretary or Chief Executive,The Staff Union Chairman,The applicant’s family,The Officer’s colleague,A,The Permanent Secretary or Chief Executive,1,"Correct. Under PSR Rule 020421(b), the letter of appointment shall be duly endorsed by the Permanent Secretary or Chief Executive."
6,ch2-s04-p02,4,2,2,PSR Chapter 2 Section 4 - Part 2,Chapter 2 Section 4 - Part 2,"Public Service Rules Chapter 2 practice quiz. Section 4, Part 2 of 2.",42-81,40,40,38,Chapter2_Section4.xlsx,Chapter2_Section4,79,Chapter 2 Section 4,20421,What must the letter of appointment indicate under Rule 020421?,The terms of the contract of engagement by the parties,The Officer’s private family history,Only the leave address,Only the medical fitness result,A,The terms of the contract of engagement by the parties,1,"Correct. Under PSR Rule 020421(b), the letter of appointment must indicate the terms of the contract of engagement by the parties."
6,ch2-s04-p02,4,2,2,PSR Chapter 2 Section 4 - Part 2,Chapter 2 Section 4 - Part 2,"Public Service Rules Chapter 2 practice quiz. Section 4, Part 2 of 2.",42-81,40,40,39,Chapter2_Section4.xlsx,Chapter2_Section4,80,Chapter 2 Section 4,20421,Where is the template of short-term engagement stated to be found?,Appendix C,Chapter 12 only,Form L.10,Appendix A only,A,Appendix C,1,"Correct. Under PSR Rule 020421, the template of short-term engagement is stated to be in Appendix C."
6,ch2-s04-p02,4,2,2,PSR Chapter 2 Section 4 - Part 2,Chapter 2 Section 4 - Part 2,"Public Service Rules Chapter 2 practice quiz. Section 4, Part 2 of 2.",42-81,40,40,40,Chapter2_Section4.xlsx,Chapter2_Section4,81,Chapter 2 Section 4,020401-020421,"Which statement best summarises Chapter 2, Section 4 of the PSR?","It regulates short-term engagements including contract appointment, sabbatical appointment, internship, volunteerism, re-engagement, remuneration, tenure, qualifications and legal framework",It deals only with annual leave,It deals only with disciplinary dismissal,It deals only with burial expenses,A,"It regulates short-term engagements including contract appointment, sabbatical appointment, internship, volunteerism, re-engagement, remuneration, tenure, qualifications and legal framework",1,"Correct. PSR Chapter 2, Section 4, Rules 020401 to 020421 cover short-term engagements, including Contract Appointment, Sabbatical Appointment, Internship, Volunteerism, re-engagement, remuneration, tenure, qualifications and the legal framework for processing short-term engagements."
7,ch2-s05-p01,5,1,1,PSR Chapter 2 Section 5,Chapter 2 Section 5,Public Service Rules Chapter 2 practice quiz. Section 5.,2-47,46,46,1,Chapter2_Section5.xlsx,Chapter2_Section5,2,Chapter 2 Section 5,20501,"Under Rule 020501, what is transfer?",The temporary release of an Officer for training only,The permanent release of an Officer from one scheduled Service to another or from one class to another within the same Service,The posting of an Officer within the same unit for one week,The suspension of an Officer from duty,B,The permanent release of an Officer from one scheduled Service to another or from one class to another within the same Service,1,"Correct. Under PSR Chapter 2, Section 5, Rule 020501(a), transfer is the permanent release of an Officer from one scheduled Service to another or from one class to another within the same Service."
7,ch2-s05-p01,5,1,1,PSR Chapter 2 Section 5,Chapter 2 Section 5,Public Service Rules Chapter 2 practice quiz. Section 5.,2-47,46,46,2,Chapter2_Section5.xlsx,Chapter2_Section5,3,Chapter 2 Section 5,20501,"Under Rule 020501, what is secondment?",A permanent release from one Service to another,The temporary release of an Officer to another Government approved body or recognized International Organization or body for a specified period,An automatic promotion to a higher grade,A disciplinary removal from office,B,The temporary release of an Officer to another Government approved body or recognized International Organization or body for a specified period,1,"Correct. Under PSR Rule 020501(b), secondment means the temporary release of an Officer to the service of another Government approved body or any recognized International Organization or body for a specified period."
7,ch2-s05-p01,5,1,1,PSR Chapter 2 Section 5,Chapter 2 Section 5,Public Service Rules Chapter 2 practice quiz. Section 5.,2-47,46,46,3,Chapter2_Section5.xlsx,Chapter2_Section5,4,Chapter 2 Section 5,20501,Which statement correctly distinguishes transfer from secondment?,"Transfer is permanent, while secondment is temporary","Transfer is always disciplinary, while secondment is always promotion","Transfer applies only to retired Officers, while secondment applies only to trainees",Transfer and secondment mean exactly the same thing,A,"Transfer is permanent, while secondment is temporary",1,"Correct. PSR Rule 020501 defines transfer as permanent release, while secondment is temporary release for a specified period."
7,ch2-s05-p01,5,1,1,PSR Chapter 2 Section 5,Chapter 2 Section 5,Public Service Rules Chapter 2 practice quiz. Section 5.,2-47,46,46,4,Chapter2_Section5.xlsx,Chapter2_Section5,5,Chapter 2 Section 5,20501,Secondment may be to which of the following?,Another Government approved body or recognized International Organization,Only the Officer’s family business,Only a private club without recognition,Only the Officer’s former school,A,Another Government approved body or recognized International Organization,1,"Correct. Under PSR Rule 020501(b), secondment may be to another Government approved body or any recognized International Organization or body."
7,ch2-s05-p01,5,1,1,PSR Chapter 2 Section 5,Chapter 2 Section 5,Public Service Rules Chapter 2 practice quiz. Section 5.,2-47,46,46,5,Chapter2_Section5.xlsx,Chapter2_Section5,6,Chapter 2 Section 5,20502,Who considers applications for transfer or secondment to posts graded GL. 06 and below?,The appropriate Committee of the benefiting Ministry or Extra-Ministerial Office,The Federal Ministry of Health only,The Staff Union,The Officer’s family,A,The appropriate Committee of the benefiting Ministry or Extra-Ministerial Office,1,"Correct. Under PSR Rule 020502(i), applications for transfer or secondment to posts graded GL. 06 and below are considered by the appropriate Committee of the benefiting Ministry or Extra-Ministerial Office."
7,ch2-s05-p01,5,1,1,PSR Chapter 2 Section 5,Chapter 2 Section 5,Public Service Rules Chapter 2 practice quiz. Section 5.,2-47,46,46,6,Chapter2_Section5.xlsx,Chapter2_Section5,7,Chapter 2 Section 5,20502,Who approves transfer or secondment to posts graded GL. 06 and below?,The Permanent Secretary or Head of Extra-Ministerial Office,The Officer’s colleague,The Staff Union Chairman,The applicant personally,A,The Permanent Secretary or Head of Extra-Ministerial Office,1,"Correct. Under PSR Rule 020502(i), transfer or secondment to posts graded GL. 06 and below is approved by the Permanent Secretary or Head of Extra-Ministerial Office."
7,ch2-s05-p01,5,1,1,PSR Chapter 2 Section 5,Chapter 2 Section 5,Public Service Rules Chapter 2 practice quiz. Section 5.,2-47,46,46,7,Chapter2_Section5.xlsx,Chapter2_Section5,8,Chapter 2 Section 5,20502,Who determines applications for transfer or secondment to posts graded GL. 07–10 in any Ministry or Extra-Ministerial Office?,The Federal Civil Service Commission,The Junior Staff Committee only,The Staff Union,The Officer’s immediate family,A,The Federal Civil Service Commission,1,"Correct. Under PSR Rule 020502(ii), applications for transfer or secondment to posts graded GL. 07–10 in any Ministry or Extra-Ministerial Office are determined by the Federal Civil Service Commission."
7,ch2-s05-p01,5,1,1,PSR Chapter 2 Section 5,Chapter 2 Section 5,Public Service Rules Chapter 2 practice quiz. Section 5.,2-47,46,46,8,Chapter2_Section5.xlsx,Chapter2_Section5,9,Chapter 2 Section 5,20502,Officers seeking transfer from scheduled establishments on Salary GL. 07–10 are required to do what?,Sit for the Annual Competitive Civil Service Entry Examination,Proceed on annual leave first,Resign before applying,Apply only through the Staff Union,A,Sit for the Annual Competitive Civil Service Entry Examination,1,"Correct. Under PSR Rule 020502(ii), Officers seeking transfer from scheduled establishments on Salary GL. 07–10 are required to sit for the Annual Competitive Civil Service Entry Examination."
7,ch2-s05-p01,5,1,1,PSR Chapter 2 Section 5,Chapter 2 Section 5,Public Service Rules Chapter 2 practice quiz. Section 5.,2-47,46,46,9,Chapter2_Section5.xlsx,Chapter2_Section5,10,Chapter 2 Section 5,20502,Which statement best reflects the authority to process transfer or secondment under Rule 020502?,GL. 06 and below are handled by the benefiting Ministry’s appropriate Committee and approved by the Permanent Secretary or Head; GL. 07–10 are determined by the FCSC,All transfers are approved by the Officer’s supervisor alone,All secondments are approved by the Staff Union,Only the receiving Officer decides the matter,A,GL. 06 and below are handled by the benefiting Ministry’s appropriate Committee and approved by the Permanent Secretary or Head; GL. 07–10 are determined by the FCSC,1,"Correct. PSR Rule 020502 provides separate processing authorities: GL. 06 and below by the appropriate Committee and Permanent Secretary or Head, while GL. 07–10 are determined by the Federal Civil Service Commission."
7,ch2-s05-p01,5,1,1,PSR Chapter 2 Section 5,Chapter 2 Section 5,Public Service Rules Chapter 2 practice quiz. Section 5.,2-47,46,46,10,Chapter2_Section5.xlsx,Chapter2_Section5,11,Chapter 2 Section 5,20503,What confidential reports must be furnished when processing transfer or secondment?,"Reports covering the last three years, or the whole service if less than three years",Only one month’s attendance sheet,Only the Officer’s leave address,Only the Officer’s medical bill,A,"Reports covering the last three years, or the whole service if less than three years",1,"Correct. Under PSR Rule 020503(a), confidential reports covering the last three years, or the whole service if less than three years, must be furnished."
7,ch2-s05-p01,5,1,1,PSR Chapter 2 Section 5,Chapter 2 Section 5,Public Service Rules Chapter 2 practice quiz. Section 5.,2-47,46,46,11,Chapter2_Section5.xlsx,Chapter2_Section5,12,Chapter 2 Section 5,20503,How is an Officer on transfer from State to Federal Service placed?,On a grade level lower than his current grade level,On the same grade level automatically,On a grade level higher than his current grade level,On any level chosen by the Officer,A,On a grade level lower than his current grade level,1,"Correct. Under PSR Rule 020503(b), an Officer on transfer from State to Federal Service shall be placed on a grade level lower than his current grade level."
7,ch2-s05-p01,5,1,1,PSR Chapter 2 Section 5,Chapter 2 Section 5,Public Service Rules Chapter 2 practice quiz. Section 5.,2-47,46,46,12,Chapter2_Section5.xlsx,Chapter2_Section5,13,Chapter 2 Section 5,20503,Transfer to the Federal Service is limited to which posts?,Posts graded GL. 07 to 14 or equivalent,Only GL. 01 to 03,Only GL. 17,Only non-pensionable posts,A,Posts graded GL. 07 to 14 or equivalent,1,"Correct. Under PSR Rule 020503(c), transfer to the Federal Service is limited to posts graded GL. 07 to 14 or its equivalent."
7,ch2-s05-p01,5,1,1,PSR Chapter 2 Section 5,Chapter 2 Section 5,Public Service Rules Chapter 2 practice quiz. Section 5.,2-47,46,46,13,Chapter2_Section5.xlsx,Chapter2_Section5,14,Chapter 2 Section 5,20503,"Under Rule 020503, an Officer on transfer or secondment must have what employment status?",He must have been confirmed,He must still be on probation,He must be dismissed first,He must be retired permanently,A,He must have been confirmed,1,"Correct. Under PSR Rule 020503(d), an Officer on transfer or secondment must have been confirmed."
7,ch2-s05-p01,5,1,1,PSR Chapter 2 Section 5,Chapter 2 Section 5,Public Service Rules Chapter 2 practice quiz. Section 5.,2-47,46,46,14,Chapter2_Section5.xlsx,Chapter2_Section5,15,Chapter 2 Section 5,20503,"Besides confirmation, what must align with the Schemes of Service for an Officer on transfer or secondment?","His qualifications, experience and career progression",His leave address only,His private business interest,His family background,A,"His qualifications, experience and career progression",1,"Correct. Under PSR Rule 020503(d), the Officer’s qualifications, experience and career progression must be in accordance with the Schemes of Service."
7,ch2-s05-p01,5,1,1,PSR Chapter 2 Section 5,Chapter 2 Section 5,Public Service Rules Chapter 2 practice quiz. Section 5.,2-47,46,46,15,Chapter2_Section5.xlsx,Chapter2_Section5,16,Chapter 2 Section 5,20503,What evidence is required from both releasing and accepting agencies for transfer or secondment?,Evidence of concurrence,Evidence of annual leave,Evidence of pension payment only,Evidence of political approval,A,Evidence of concurrence,1,"Correct. Under PSR Rule 020503(e), there must be evidence of concurrence to the transfer or secondment by the releasing and accepting agencies."
7,ch2-s05-p01,5,1,1,PSR Chapter 2 Section 5,Chapter 2 Section 5,Public Service Rules Chapter 2 practice quiz. Section 5.,2-47,46,46,16,Chapter2_Section5.xlsx,Chapter2_Section5,17,Chapter 2 Section 5,20503,"What is the maximum first-instance period of secondment to another Government, approved body or recognized International Organization?",Two years,Four years,Six years,Ten years,A,Two years,1,"Correct. Under PSR Rule 020503(f), secondment shall be for a maximum period of two years in the first instance."
7,ch2-s05-p01,5,1,1,PSR Chapter 2 Section 5,Chapter 2 Section 5,Public Service Rules Chapter 2 practice quiz. Section 5.,2-47,46,46,17,Chapter2_Section5.xlsx,Chapter2_Section5,18,Chapter 2 Section 5,20503,"After the first-instance period of secondment, what may the Officer do?",Apply for extension or return to his former post,Automatically remain forever,Become dismissed without review,Convert the secondment to annual leave,A,Apply for extension or return to his former post,1,"Correct. Under PSR Rule 020503(f), after the first-instance secondment period, the Officer may apply for extension or return to his former post."
7,ch2-s05-p01,5,1,1,PSR Chapter 2 Section 5,Chapter 2 Section 5,Public Service Rules Chapter 2 practice quiz. Section 5.,2-47,46,46,18,Chapter2_Section5.xlsx,Chapter2_Section5,19,Chapter 2 Section 5,20503,Who must approve extensions of secondment under Rule 020503?,The appropriate Committees and the Federal Civil Service Commission or Board,The Officer’s colleague only,The Staff Union only,The receiving Officer personally,A,The appropriate Committees and the Federal Civil Service Commission or Board,1,"Correct. Under PSR Rule 020503(f), all extensions of secondment must be approved by the appropriate Committees and the Federal Civil Service Commission or Board."
7,ch2-s05-p01,5,1,1,PSR Chapter 2 Section 5,Chapter 2 Section 5,Public Service Rules Chapter 2 practice quiz. Section 5.,2-47,46,46,19,Chapter2_Section5.xlsx,Chapter2_Section5,20,Chapter 2 Section 5,20503,What is the total maximum period of ordinary secondment under Rule 020503(f)?,Four years,Two years,Six years,Eight years,A,Four years,1,"Correct. Under PSR Rule 020503(f), the total period of such secondment must not exceed four years."
7,ch2-s05-p01,5,1,1,PSR Chapter 2 Section 5,Chapter 2 Section 5,Public Service Rules Chapter 2 practice quiz. Section 5.,2-47,46,46,20,Chapter2_Section5.xlsx,Chapter2_Section5,21,Chapter 2 Section 5,20503,"If secondment is in the public interest, what is the maximum period allowed?",Six years,Four years,Two years,One year,A,Six years,1,"Correct. Under PSR Rule 020503(g), where it is in the public interest to second an Officer, the period of secondment shall not exceed six years."
7,ch2-s05-p01,5,1,1,PSR Chapter 2 Section 5,Chapter 2 Section 5,Public Service Rules Chapter 2 practice quiz. Section 5.,2-47,46,46,21,Chapter2_Section5.xlsx,Chapter2_Section5,22,Chapter 2 Section 5,20503,"During secondment, what happens to the Officer’s substantive post?",He continues to hold his substantive post,He automatically loses his substantive post,He is treated as dismissed from his post,His post is converted to casual appointment,A,He continues to hold his substantive post,1,"Correct. Under PSR Rule 020503(h), during the period of secondment the Officer continues to hold his substantive post."
7,ch2-s05-p01,5,1,1,PSR Chapter 2 Section 5,Chapter 2 Section 5,Public Service Rules Chapter 2 practice quiz. Section 5.,2-47,46,46,22,Chapter2_Section5.xlsx,Chapter2_Section5,23,Chapter 2 Section 5,20503,"During secondment, the Officer is entitled to what career benefits?",Increment and promotion,Only burial expenses,Only casual leave,No career benefit at all,A,Increment and promotion,1,"Correct. Under PSR Rule 020503(h), during the period of secondment the Officer is entitled to increment and promotion."
7,ch2-s05-p01,5,1,1,PSR Chapter 2 Section 5,Chapter 2 Section 5,Public Service Rules Chapter 2 practice quiz. Section 5.,2-47,46,46,23,Chapter2_Section5.xlsx,Chapter2_Section5,24,Chapter 2 Section 5,20503,How is an Officer on secondment treated under Rule 020503?,As having been posted on special duty,As dismissed from Service,As absent without leave,As retired from Service,A,As having been posted on special duty,1,"Correct. Under PSR Rule 020503(h), an Officer on secondment is treated as having been posted on special duty."
7,ch2-s05-p01,5,1,1,PSR Chapter 2 Section 5,Chapter 2 Section 5,Public Service Rules Chapter 2 practice quiz. Section 5.,2-47,46,46,24,Chapter2_Section5.xlsx,Chapter2_Section5,25,Chapter 2 Section 5,20504,"During ordinary secondment, who is responsible for the Officer’s emoluments?",The benefiting organization,The Officer’s family,The Staff Union,The Officer personally,A,The benefiting organization,1,"Correct. Under PSR Rule 020504, during secondment the benefiting organization is responsible for the Officer’s emoluments."
7,ch2-s05-p01,5,1,1,PSR Chapter 2 Section 5,Chapter 2 Section 5,Public Service Rules Chapter 2 practice quiz. Section 5.,2-47,46,46,25,Chapter2_Section5.xlsx,Chapter2_Section5,26,Chapter 2 Section 5,20504,"Where an Officer is released on secondment in public interest and there is a differential in pay between releasing and receiving MDAs, who pays the salary?",The MDA with the higher pay,The Officer personally,The Staff Union,The lower-paying MDA automatically,A,The MDA with the higher pay,1,"Correct. Under PSR Rule 020504, where secondment is in the public interest and there is a differential in payments, the MDA with the higher pay is responsible for payment of salary."
7,ch2-s05-p01,5,1,1,PSR Chapter 2 Section 5,Chapter 2 Section 5,Public Service Rules Chapter 2 practice quiz. Section 5.,2-47,46,46,26,Chapter2_Section5.xlsx,Chapter2_Section5,27,Chapter 2 Section 5,20504,"Under Rule 020504, who pays non-salary allowances during secondment?",The receiving MDA,The releasing MDA in every case,The Officer’s family,The Staff Union,A,The receiving MDA,1,"Correct. Under PSR Rule 020504, notwithstanding the salary arrangement, all non-salary allowances shall be paid by the receiving MDA."
7,ch2-s05-p01,5,1,1,PSR Chapter 2 Section 5,Chapter 2 Section 5,Public Service Rules Chapter 2 practice quiz. Section 5.,2-47,46,46,27,Chapter2_Section5.xlsx,Chapter2_Section5,28,Chapter 2 Section 5,20505,The emoluments and incremental date of an Officer on transfer are governed by which rule?,Rule 040103,Rule 130401,Rule 120214,Rule 100301,A,Rule 040103,1,"Correct. Under PSR Rule 020505, the emoluments and incremental date of an Officer on transfer are governed by Rule 040103."
7,ch2-s05-p01,5,1,1,PSR Chapter 2 Section 5,Chapter 2 Section 5,Public Service Rules Chapter 2 practice quiz. Section 5.,2-47,46,46,28,Chapter2_Section5.xlsx,Chapter2_Section5,29,Chapter 2 Section 5,20505,Rule 020505 deals mainly with what subject?,Salary on transfer,Medical examination,Disciplinary appeal,Burial expenses,A,Salary on transfer,1,Correct. PSR Rule 020505 is titled salary on transfer and provides that the emoluments and incremental date of an Officer on transfer are governed by Rule 040103.
7,ch2-s05-p01,5,1,1,PSR Chapter 2 Section 5,Chapter 2 Section 5,Public Service Rules Chapter 2 practice quiz. Section 5.,2-47,46,46,29,Chapter2_Section5.xlsx,Chapter2_Section5,30,Chapter 2 Section 5,20506,When may an applicant be considered for transfer-on-promotion to any MDA?,Only in response to an advertised post,Whenever the applicant requests privately,Without any vacancy or advertisement,Only after retirement,A,Only in response to an advertised post,1,"Correct. Under PSR Rule 020506, no applicant shall be considered for transfer-on-promotion to any MDA except in response to an advertised post."
7,ch2-s05-p01,5,1,1,PSR Chapter 2 Section 5,Chapter 2 Section 5,Public Service Rules Chapter 2 practice quiz. Section 5.,2-47,46,46,30,Chapter2_Section5.xlsx,Chapter2_Section5,31,Chapter 2 Section 5,20506,Which statement is correct about transfer-on-promotion under Rule 020506?,It must be in response to an advertised post,It is automatic for all Officers,It requires no vacancy,It is handled only through verbal instruction,A,It must be in response to an advertised post,1,Correct. PSR Rule 020506 provides that transfer-on-promotion to any MDA is considered only in response to an advertised post.
7,ch2-s05-p01,5,1,1,PSR Chapter 2 Section 5,Chapter 2 Section 5,Public Service Rules Chapter 2 practice quiz. Section 5.,2-47,46,46,31,Chapter2_Section5.xlsx,Chapter2_Section5,32,Chapter 2 Section 5,20507,"Under Rule 020507, an applicant may be considered for transfer if the MDA is satisfied that vacancies exist where?",In the relevant grade and in the applicant’s discipline or area of specialty,Only in the Officer’s preferred office,Only in the Staff Union office,Only in the Officer’s home town,A,In the relevant grade and in the applicant’s discipline or area of specialty,1,"Correct. Under PSR Rule 020507(i)(a), the MDA must be satisfied that there are vacancies not only in the relevant grade but also in the applicant’s discipline or area of specialty."
7,ch2-s05-p01,5,1,1,PSR Chapter 2 Section 5,Chapter 2 Section 5,Public Service Rules Chapter 2 practice quiz. Section 5.,2-47,46,46,32,Chapter2_Section5.xlsx,Chapter2_Section5,33,Chapter 2 Section 5,20507,The contemplated transfer must not jeopardize what under Rule 020507?,The promotion prospects of serving Officers,The Officer’s private business,The Staff Union election timetable,The Officer’s personal leave address,A,The promotion prospects of serving Officers,1,"Correct. Under PSR Rule 020507(i)(b), the contemplated transfer must in no way jeopardize the promotion prospects of serving Officers."
7,ch2-s05-p01,5,1,1,PSR Chapter 2 Section 5,Chapter 2 Section 5,Public Service Rules Chapter 2 practice quiz. Section 5.,2-47,46,46,33,Chapter2_Section5.xlsx,Chapter2_Section5,34,Chapter 2 Section 5,20507,Which prior service condition must an applicant satisfy for transfer under Rule 020507?,He must have been confirmed in his previous service,He must still be on probation,He must have been dismissed previously,He must have no career progression,A,He must have been confirmed in his previous service,1,"Correct. Under PSR Rule 020507(i)(c), an applicant may be considered for transfer if he has been confirmed in his previous service."
7,ch2-s05-p01,5,1,1,PSR Chapter 2 Section 5,Chapter 2 Section 5,Public Service Rules Chapter 2 practice quiz. Section 5.,2-47,46,46,34,Chapter2_Section5.xlsx,Chapter2_Section5,35,Chapter 2 Section 5,20507,"Under Rule 020507, the applicant’s qualifications, experience and career progression must correspond with what?",The Schemes of Service of the grade or post,The Officer’s private business plan,The Staff Union constitution,The applicant’s family preference,A,The Schemes of Service of the grade or post,1,"Correct. Under PSR Rule 020507(i)(c), the applicant’s qualifications, experience and career progression must be in accordance with the Schemes of Service of the grade or post."
7,ch2-s05-p01,5,1,1,PSR Chapter 2 Section 5,Chapter 2 Section 5,Public Service Rules Chapter 2 practice quiz. Section 5.,2-47,46,46,35,Chapter2_Section5.xlsx,Chapter2_Section5,36,Chapter 2 Section 5,20507,Which length-of-service condition applies before an applicant may be considered for transfer under Rule 020507?,He must have served in his current grade for the stipulated minimum number of years prescribed for promotion to an advertised post,He must have served only one week,He must have served until retirement,He must have no service record,A,He must have served in his current grade for the stipulated minimum number of years prescribed for promotion to an advertised post,1,"Correct. Under PSR Rule 020507(i)(d), an applicant must have served in his current grade for the stipulated minimum number of years prescribed for promotion to an advertised post."
7,ch2-s05-p01,5,1,1,PSR Chapter 2 Section 5,Chapter 2 Section 5,Public Service Rules Chapter 2 practice quiz. Section 5.,2-47,46,46,36,Chapter2_Section5.xlsx,Chapter2_Section5,37,Chapter 2 Section 5,20507,Can a Ministry transfer or second a senior Officer to a Parastatal under its supervision without approval?,"No, approval of the Federal Civil Service Commission or Board is required","Yes, it may do so without approval","Yes, if the Officer verbally agrees","Yes, if the Staff Union requests it",A,"No, approval of the Federal Civil Service Commission or Board is required",1,"Correct. Under PSR Rule 020507(ii), no Ministry shall transfer or second any senior Officer to any Parastatal under its supervision without approval of the Federal Civil Service Commission or Board."
7,ch2-s05-p01,5,1,1,PSR Chapter 2 Section 5,Chapter 2 Section 5,Public Service Rules Chapter 2 practice quiz. Section 5.,2-47,46,46,37,Chapter2_Section5.xlsx,Chapter2_Section5,38,Chapter 2 Section 5,20507,Can a Ministry accept staff seconded to it without endorsement of the Federal Civil Service Commission or Board?,"No, it cannot accept such staff without endorsement","Yes, endorsement is unnecessary","Yes, if the staff is on annual leave","Yes, if the staff is junior only",A,"No, it cannot accept such staff without endorsement",1,"Correct. Under PSR Rule 020507(iii), no Ministry shall accept any staff seconded to it without the endorsement of the Federal Civil Service Commission or Board."
7,ch2-s05-p01,5,1,1,PSR Chapter 2 Section 5,Chapter 2 Section 5,Public Service Rules Chapter 2 practice quiz. Section 5.,2-47,46,46,38,Chapter2_Section5.xlsx,Chapter2_Section5,39,Chapter 2 Section 5,20507,Who appraises an Officer on secondment?,The MDA to which he is seconded,The Officer’s former school,The Staff Union only,The Officer’s family,A,The MDA to which he is seconded,1,"Correct. Under PSR Rule 020507, an Officer on secondment shall be appraised by the MDA to which he is seconded."
7,ch2-s05-p01,5,1,1,PSR Chapter 2 Section 5,Chapter 2 Section 5,Public Service Rules Chapter 2 practice quiz. Section 5.,2-47,46,46,39,Chapter2_Section5.xlsx,Chapter2_Section5,40,Chapter 2 Section 5,20507,Which statement correctly summarises the conditions for transfer under Rule 020507?,"There must be relevant vacancies, no harm to serving Officers’ promotion prospects, confirmation in previous service, appropriate qualifications and required years in current grade",The applicant must be unconfirmed and under discipline,The transfer must always bypass advertisement,The receiving MDA must ignore the Schemes of Service,A,"There must be relevant vacancies, no harm to serving Officers’ promotion prospects, confirmation in previous service, appropriate qualifications and required years in current grade",1,"Correct. PSR Rule 020507 requires relevant vacancies, protection of promotion prospects of serving Officers, confirmation in previous service, qualifications and career progression in line with the Schemes of Service, and required years in the current grade."
7,ch2-s05-p01,5,1,1,PSR Chapter 2 Section 5,Chapter 2 Section 5,Public Service Rules Chapter 2 practice quiz. Section 5.,2-47,46,46,40,Chapter2_Section5.xlsx,Chapter2_Section5,41,Chapter 2 Section 5,20508,How may transfer from one junior post to another within the Federal Public Service be arranged?,With the consent of the Officers and at the mutual discretion of their Permanent Secretaries or Heads of Extra-Ministerial Offices,By the Officer alone without approval,Only through a newspaper advertisement,By the Staff Union without management approval,A,With the consent of the Officers and at the mutual discretion of their Permanent Secretaries or Heads of Extra-Ministerial Offices,1,"Correct. Under PSR Rule 020508, transfer from one junior post to another within the Federal Public Service may be arranged with the consent of the Officers concerned and at the mutual discretion of their Permanent Secretaries or Heads of Extra-Ministerial Offices."
7,ch2-s05-p01,5,1,1,PSR Chapter 2 Section 5,Chapter 2 Section 5,Public Service Rules Chapter 2 practice quiz. Section 5.,2-47,46,46,41,Chapter2_Section5.xlsx,Chapter2_Section5,42,Chapter 2 Section 5,20508,Rule 020508 applies to which category of transfer?,Transfer from one junior post to another within the Federal Public Service,Transfer of Permanent Secretaries only,Secondment to international organizations only,Transfer-on-promotion to advertised senior posts only,A,Transfer from one junior post to another within the Federal Public Service,1,Correct. PSR Rule 020508 specifically deals with transfer from one junior post to another within the Federal Public Service.
7,ch2-s05-p01,5,1,1,PSR Chapter 2 Section 5,Chapter 2 Section 5,Public Service Rules Chapter 2 practice quiz. Section 5.,2-47,46,46,42,Chapter2_Section5.xlsx,Chapter2_Section5,43,Chapter 2 Section 5,20508,Whose consent is required for transfer from one junior post to another?,The Officers being considered for transfer,The Officer’s landlord,The Staff Union Treasurer,The receiving Ministry only,A,The Officers being considered for transfer,1,"Correct. Under PSR Rule 020508, the consent of the Officers being considered for transfer is required."
7,ch2-s05-p01,5,1,1,PSR Chapter 2 Section 5,Chapter 2 Section 5,Public Service Rules Chapter 2 practice quiz. Section 5.,2-47,46,46,43,Chapter2_Section5.xlsx,Chapter2_Section5,44,Chapter 2 Section 5,20509,What returns must MDAs make under Rule 020509?,Quarterly returns to the Federal Civil Service Commission and/or OHCSF on staff on transfer or secondment to other Services,Annual burial returns only,Weekly medical treatment returns,Monthly leave allowance returns,A,Quarterly returns to the Federal Civil Service Commission and/or OHCSF on staff on transfer or secondment to other Services,1,"Correct. Under PSR Rule 020509, MDAs shall make quarterly returns to the Federal Civil Service Commission and/or the Office of the Head of the Civil Service of the Federation on the number of staff on transfer or secondment to other Services."
7,ch2-s05-p01,5,1,1,PSR Chapter 2 Section 5,Chapter 2 Section 5,Public Service Rules Chapter 2 practice quiz. Section 5.,2-47,46,46,44,Chapter2_Section5.xlsx,Chapter2_Section5,45,Chapter 2 Section 5,20509,How often must MDAs make returns on staff on transfer or secondment to other Services?,Quarterly,Every ten years,Daily,Only at retirement,A,Quarterly,1,"Correct. Under PSR Rule 020509, MDAs are required to make quarterly returns on staff on transfer or secondment to other Services."
7,ch2-s05-p01,5,1,1,PSR Chapter 2 Section 5,Chapter 2 Section 5,Public Service Rules Chapter 2 practice quiz. Section 5.,2-47,46,46,45,Chapter2_Section5.xlsx,Chapter2_Section5,46,Chapter 2 Section 5,20509,What must the Federal Civil Service Commission furnish MDAs with on a quarterly basis?,The approved list of staff seconded or transferred to other Services,The list of Officers on annual leave only,The medical records of all Officers,The list of dismissed Officers only,A,The approved list of staff seconded or transferred to other Services,1,"Correct. Under PSR Rule 020509, the Federal Civil Service Commission shall furnish MDAs quarterly with the approved list of staff seconded or transferred to other Services."
7,ch2-s05-p01,5,1,1,PSR Chapter 2 Section 5,Chapter 2 Section 5,Public Service Rules Chapter 2 practice quiz. Section 5.,2-47,46,46,46,Chapter2_Section5.xlsx,Chapter2_Section5,47,Chapter 2 Section 5,020501-020509,"Which statement best summarises Chapter 2, Section 5 of the PSR?","It regulates transfer and secondment, including definitions, processing authority, procedures, salary responsibility, transfer-on-promotion, conditions for transfer, junior post transfer and quarterly returns",It deals only with medical treatment abroad,It deals only with annual leave computation,It deals only with disciplinary dismissal,A,"It regulates transfer and secondment, including definitions, processing authority, procedures, salary responsibility, transfer-on-promotion, conditions for transfer, junior post transfer and quarterly returns",1,"Correct. PSR Chapter 2, Section 5, Rules 020501 to 020509 cover transfer and secondment, including definitions, authority to process, procedure, salary responsibility, salary on transfer, transfer-on-promotion, conditions for transfer, transfer on junior posts and quarterly returns."
8,ch2-s06-p01,6,1,1,PSR Chapter 2 Section 6,Chapter 2 Section 6,Public Service Rules Chapter 2 practice quiz. Section 6.,2-43,42,42,1,Chapter2_Section6.xlsx,Chapter2_Section6,2,Chapter 2 Section 6,20601,"Under Rule 020601, what is posting?",A disciplinary removal from office,The initial assignment of an Officer to a position/job schedule in an MDA or reassignment within or outside his current MDA/Department,A permanent transfer from one scheduled Service to another,A temporary release to an international organization,B,The initial assignment of an Officer to a position/job schedule in an MDA or reassignment within or outside his current MDA/Department,1,"Correct. Under PSR Chapter 2, Section 6, Rule 020601, posting is the initial assignment of an Officer to a position/job schedule in an MDA or reassignment to another position/job schedule within or outside his current MDA/Department."
8,ch2-s06-p01,6,1,1,PSR Chapter 2 Section 6,Chapter 2 Section 6,Public Service Rules Chapter 2 practice quiz. Section 6.,2-43,42,42,2,Chapter2_Section6.xlsx,Chapter2_Section6,3,Chapter 2 Section 6,20601,What is one purpose of posting under Rule 020601?,To help employees gain wide experience on the intricacies of government business,To automatically terminate employment,To replace annual leave entitlement,To avoid performance management,A,To help employees gain wide experience on the intricacies of government business,1,"Correct. Under PSR Rule 020601, posting helps employees acquaint themselves with activities of various offices and gain wide experience on the intricacies of government business."
8,ch2-s06-p01,6,1,1,PSR Chapter 2 Section 6,Chapter 2 Section 6,Public Service Rules Chapter 2 practice quiz. Section 6.,2-43,42,42,3,Chapter2_Section6.xlsx,Chapter2_Section6,4,Chapter 2 Section 6,20601,Posting may involve reassignment to another job schedule in which location?,Only within the Officer’s current Department,Only outside the Federal Public Service,Within or outside the Officer’s current MDA/Department,Only in the Officer’s home town,C,Within or outside the Officer’s current MDA/Department,1,Correct. PSR Rule 020601 provides that posting may be an initial assignment or reassignment within or outside the Officer’s current MDA/Department.
8,ch2-s06-p01,6,1,1,PSR Chapter 2 Section 6,Chapter 2 Section 6,Public Service Rules Chapter 2 practice quiz. Section 6.,2-43,42,42,4,Chapter2_Section6.xlsx,Chapter2_Section6,5,Chapter 2 Section 6,20602,"Under Rule 020602, senior staff may be posted or redeployed in accordance with what?",The approved Employee Mobility Policy,The Officer’s private preference only,The Staff Union election timetable,The leave roster,A,The approved Employee Mobility Policy,1,"Correct. Under PSR Rule 020602(i), all senior staff can be posted and/or redeployed to a new post in accordance with the approved Employee Mobility Policy."
8,ch2-s06-p01,6,1,1,PSR Chapter 2 Section 6,Chapter 2 Section 6,Public Service Rules Chapter 2 practice quiz. Section 6.,2-43,42,42,5,Chapter2_Section6.xlsx,Chapter2_Section6,6,Chapter 2 Section 6,20602,What does Rule 020602 say about posting Officers outside their Professional Cadres?,It is encouraged for all Officers,It is allowed without approval,It is prohibited,It is compulsory every year,C,It is prohibited,1,"Correct. Under PSR Rule 020602(ii), posting of Officers to posts outside their Professional Cadres is prohibited."
8,ch2-s06-p01,6,1,1,PSR Chapter 2 Section 6,Chapter 2 Section 6,Public Service Rules Chapter 2 practice quiz. Section 6.,2-43,42,42,6,Chapter2_Section6.xlsx,Chapter2_Section6,7,Chapter 2 Section 6,20602,How often is posting of pool Officers in the Service mandatory under Rule 020602?,Every four years,Every month,Every ten years,Only at retirement,A,Every four years,1,"Correct. Under PSR Rule 020602(iii), posting of pool Officers in the Service shall be mandatory after every four years."
8,ch2-s06-p01,6,1,1,PSR Chapter 2 Section 6,Chapter 2 Section 6,Public Service Rules Chapter 2 practice quiz. Section 6.,2-43,42,42,7,Chapter2_Section6.xlsx,Chapter2_Section6,8,Chapter 2 Section 6,20602,Failure of an Officer to proceed on posting is regarded as what under Rule 020602?,Annual leave,Misconduct,Promotion,Retirement,B,Misconduct,1,"Correct. Under PSR Rule 020602(iv), failure of an Officer to proceed on posting shall be regarded as misconduct."
8,ch2-s06-p01,6,1,1,PSR Chapter 2 Section 6,Chapter 2 Section 6,Public Service Rules Chapter 2 practice quiz. Section 6.,2-43,42,42,8,Chapter2_Section6.xlsx,Chapter2_Section6,9,Chapter 2 Section 6,20602,"What may happen to Ministries, Extra-Ministerial Departments or Agencies that reject pool Officers deployed to them?",They may face appropriate sanctions,They are automatically promoted,They receive additional leave allowance,They are exempted from posting policy,A,They may face appropriate sanctions,1,"Correct. Under PSR Rule 020602(iv), Ministries, Extra-Ministerial Departments or Agencies that reject pool Officers deployed to them shall face appropriate sanctions."
8,ch2-s06-p01,6,1,1,PSR Chapter 2 Section 6,Chapter 2 Section 6,Public Service Rules Chapter 2 practice quiz. Section 6.,2-43,42,42,9,Chapter2_Section6.xlsx,Chapter2_Section6,10,Chapter 2 Section 6,20602,Which statement best summarises the conditions for posting under Rule 020602?,"Senior staff may be posted under the Employee Mobility Policy, posting outside professional cadres is prohibited, pool Officers are posted every four years, and failure to proceed is misconduct","Only junior Officers may be posted, and posting outside professional cadres is compulsory",Posting is voluntary and cannot attract misconduct,Pool Officers may reject posting without consequence,A,"Senior staff may be posted under the Employee Mobility Policy, posting outside professional cadres is prohibited, pool Officers are posted every four years, and failure to proceed is misconduct",1,"Correct. PSR Rule 020602 sets the conditions for posting: senior staff may be redeployed under the Employee Mobility Policy, posting outside professional cadres is prohibited, pool Officers are posted every four years, and failure to proceed is misconduct."
8,ch2-s06-p01,6,1,1,PSR Chapter 2 Section 6,Chapter 2 Section 6,Public Service Rules Chapter 2 practice quiz. Section 6.,2-43,42,42,10,Chapter2_Section6.xlsx,Chapter2_Section6,11,Chapter 2 Section 6,20603,What principle must guide implementation of posting decisions under Rule 020603?,Fairness to all Officers,Favouritism to selected Officers,Use of posting as punishment,Political influence,A,Fairness to all Officers,1,"Correct. Under PSR Rule 020603, fairness to all Officers shall be an underlying principle in implementing posting decisions."
8,ch2-s06-p01,6,1,1,PSR Chapter 2 Section 6,Chapter 2 Section 6,Public Service Rules Chapter 2 practice quiz. Section 6.,2-43,42,42,11,Chapter2_Section6.xlsx,Chapter2_Section6,12,Chapter 2 Section 6,20603,Posting decisions must not be used as a tool for what under Rule 020603?,"Coercion, punishment or cronyism",Training and experience,Mobility and exposure,Service improvement,A,"Coercion, punishment or cronyism",1,"Correct. Under PSR Rule 020603, the posting system must not be used as a tool for coercion, punishment or cronyism."
8,ch2-s06-p01,6,1,1,PSR Chapter 2 Section 6,Chapter 2 Section 6,Public Service Rules Chapter 2 practice quiz. Section 6.,2-43,42,42,12,Chapter2_Section6.xlsx,Chapter2_Section6,13,Chapter 2 Section 6,20603,"Under Rule 020603, posting should not result in loss of what in any Department, Division or Unit?",Institutional memory,Office furniture only,Annual leave forms,Staff Union registers,A,Institutional memory,1,"Correct. Under PSR Rule 020603(i), posting should not result in the loss of institutional memory in any Department, Division or Unit."
8,ch2-s06-p01,6,1,1,PSR Chapter 2 Section 6,Chapter 2 Section 6,Public Service Rules Chapter 2 practice quiz. Section 6.,2-43,42,42,13,Chapter2_Section6.xlsx,Chapter2_Section6,14,Chapter 2 Section 6,20603,"Posting should not impair a Department, Division or Unit’s ability to do what?",Continue to provide quality service to internal and external stakeholders,Stop all Government work,Reject pool Officers,Ignore approved policies,A,Continue to provide quality service to internal and external stakeholders,1,"Correct. Under PSR Rule 020603(i), posting should not impair the ability of any Department, Division or Unit to continue providing quality service to internal and external stakeholders."
8,ch2-s06-p01,6,1,1,PSR Chapter 2 Section 6,Chapter 2 Section 6,Public Service Rules Chapter 2 practice quiz. Section 6.,2-43,42,42,14,Chapter2_Section6.xlsx,Chapter2_Section6,15,Chapter 2 Section 6,20603,"Under Rule 020603, posting should not result in loss of an employee involved in what kind of project?",A service-wide project designated as high priority during the lifespan of the project,A private business project,A Staff Union campaign only,A family project,A,A service-wide project designated as high priority during the lifespan of the project,1,"Correct. Under PSR Rule 020603(ii), posting should not result in the loss of an employee involved in any service-wide project designated as high priority during the lifespan of the project."
8,ch2-s06-p01,6,1,1,PSR Chapter 2 Section 6,Chapter 2 Section 6,Public Service Rules Chapter 2 practice quiz. Section 6.,2-43,42,42,15,Chapter2_Section6.xlsx,Chapter2_Section6,16,Chapter 2 Section 6,20603,Which statement correctly reflects the procedure for posting under Rule 020603?,"Posting must be fair and must not be used for coercion, punishment or cronyism",Posting must always punish difficult Officers,Posting must ignore institutional memory,Posting must remove Officers from high-priority projects at all times,A,"Posting must be fair and must not be used for coercion, punishment or cronyism",1,"Correct. PSR Rule 020603 requires fairness in posting decisions and prohibits using posting as a tool for coercion, punishment or cronyism."
8,ch2-s06-p01,6,1,1,PSR Chapter 2 Section 6,Chapter 2 Section 6,Public Service Rules Chapter 2 practice quiz. Section 6.,2-43,42,42,16,Chapter2_Section6.xlsx,Chapter2_Section6,17,Chapter 2 Section 6,20604,Posting under Rule 020604 is intended to give every employee what opportunity?,Opportunity to acquire as much whole-service work experience as possible,Opportunity to avoid official responsibility,Opportunity to remain permanently in one schedule,Opportunity to reject all pool postings,A,Opportunity to acquire as much whole-service work experience as possible,1,"Correct. Under PSR Rule 020604, posting is to ensure every employee is given the opportunity to acquire as much of the whole-service work experience as possible."
8,ch2-s06-p01,6,1,1,PSR Chapter 2 Section 6,Chapter 2 Section 6,Public Service Rules Chapter 2 practice quiz. Section 6.,2-43,42,42,17,Chapter2_Section6.xlsx,Chapter2_Section6,18,Chapter 2 Section 6,20604,Posting of pool staff must be done in line with what under Rule 020604?,The approved Employee Mobility Policy,The Officer’s private preference only,The Staff Union constitution only,The leave computation circular,A,The approved Employee Mobility Policy,1,"Correct. Under PSR Rule 020604, posting of pool staff shall be done in line with the approved Employee Mobility Policy."
8,ch2-s06-p01,6,1,1,PSR Chapter 2 Section 6,Chapter 2 Section 6,Public Service Rules Chapter 2 practice quiz. Section 6.,2-43,42,42,18,Chapter2_Section6.xlsx,Chapter2_Section6,19,Chapter 2 Section 6,20604,Rule 020604 mainly guides posting of which category of staff?,Pool staff,Retired Officers only,Political appointees only,Contractors only,A,Pool staff,1,"Correct. Under PSR Rule 020604, posting is to guide the posting of pool staff in line with the approved Employee Mobility Policy."
8,ch2-s06-p01,6,1,1,PSR Chapter 2 Section 6,Chapter 2 Section 6,Public Service Rules Chapter 2 practice quiz. Section 6.,2-43,42,42,19,Chapter2_Section6.xlsx,Chapter2_Section6,20,Chapter 2 Section 6,20605,Who is expected to submit a report on compliance with posting instructions?,The Director HR,The Staff Union Chairman,The Officer being posted,The Accountant-General,A,The Director HR,1,"Correct. Under PSR Rule 020605, the Director HR is expected to submit a report on compliance with posting instructions."
8,ch2-s06-p01,6,1,1,PSR Chapter 2 Section 6,Chapter 2 Section 6,Public Service Rules Chapter 2 practice quiz. Section 6.,2-43,42,42,20,Chapter2_Section6.xlsx,Chapter2_Section6,21,Chapter 2 Section 6,20605,To whom should the Director HR submit the report on compliance with posting instructions?,The relevant pool office,The Officer’s family,The Staff Union Secretariat,The nearest police station,A,The relevant pool office,1,"Correct. Under PSR Rule 020605, the Director HR submits the report on compliance with posting instructions to the relevant pool office."
8,ch2-s06-p01,6,1,1,PSR Chapter 2 Section 6,Chapter 2 Section 6,Public Service Rules Chapter 2 practice quiz. Section 6.,2-43,42,42,21,Chapter2_Section6.xlsx,Chapter2_Section6,22,Chapter 2 Section 6,20605,Within what period must the Director HR submit the compliance report after release of posting instructions?,Within three weeks,Within six months,Within one year,Within two days,A,Within three weeks,1,"Correct. Under PSR Rule 020605, the Director HR shall submit the report on compliance within three weeks of the release of the posting instruction."
8,ch2-s06-p01,6,1,1,PSR Chapter 2 Section 6,Chapter 2 Section 6,Public Service Rules Chapter 2 practice quiz. Section 6.,2-43,42,42,22,Chapter2_Section6.xlsx,Chapter2_Section6,23,Chapter 2 Section 6,20606,"Under Rule 020606, when may an Officer seek redress over posting?",Where he believes his movement to another job or location was not done in line with extant rules,Whenever he dislikes any official instruction,Only after retirement,Only when the posting is within the same office,A,Where he believes his movement to another job or location was not done in line with extant rules,1,"Correct. Under PSR Rule 020606, an Officer may seek redress where he is of the opinion that his movement to another job or location was not done in line with extant rules."
8,ch2-s06-p01,6,1,1,PSR Chapter 2 Section 6,Chapter 2 Section 6,Public Service Rules Chapter 2 practice quiz. Section 6.,2-43,42,42,23,Chapter2_Section6.xlsx,Chapter2_Section6,24,Chapter 2 Section 6,20606,Complaints or grievances on posting instructions must be submitted through what channel?,Appropriate channel,Social media only,Family elders only,Private newspaper publication,A,Appropriate channel,1,"Correct. Under PSR Rule 020606, complaints or grievances with respect to posting instructions should be submitted through the appropriate channel."
8,ch2-s06-p01,6,1,1,PSR Chapter 2 Section 6,Chapter 2 Section 6,Public Service Rules Chapter 2 practice quiz. Section 6.,2-43,42,42,24,Chapter2_Section6.xlsx,Chapter2_Section6,25,Chapter 2 Section 6,20606,Within what period should complaints or grievances on posting instructions be submitted after the posting is released?,Within three working days,Within three months,Within one year,Within thirty calendar days,A,Within three working days,1,"Correct. Under PSR Rule 020606, complaints or grievances on posting instructions should be submitted through the appropriate channel within three working days of the release of the posting."
8,ch2-s06-p01,6,1,1,PSR Chapter 2 Section 6,Chapter 2 Section 6,Public Service Rules Chapter 2 practice quiz. Section 6.,2-43,42,42,25,Chapter2_Section6.xlsx,Chapter2_Section6,26,Chapter 2 Section 6,20606,Which statement correctly reflects Rule 020606?,"An Officer may seek redress, but must complain through appropriate channel within three working days of release of the posting",An Officer may refuse posting indefinitely without complaint,An Officer must complain only through the press,An Officer may wait six months before complaining,A,"An Officer may seek redress, but must complain through appropriate channel within three working days of release of the posting",1,"Correct. Under PSR Rule 020606, an Officer may seek redress on posting where extant rules were not followed, but complaints must be routed through appropriate channel within three working days."
8,ch2-s06-p01,6,1,1,PSR Chapter 2 Section 6,Chapter 2 Section 6,Public Service Rules Chapter 2 practice quiz. Section 6.,2-43,42,42,26,Chapter2_Section6.xlsx,Chapter2_Section6,27,Chapter 2 Section 6,20607,Who bears the cost of entitlements due to an employee whose posting requires a change of duty station?,The posting MDA,The Officer personally in all cases,The Staff Union,The employee’s previous landlord,A,The posting MDA,1,"Correct. Under PSR Rule 020607, the cost of entitlements due to the employee whose posting requires a change of duty station shall be borne by the posting MDA."
8,ch2-s06-p01,6,1,1,PSR Chapter 2 Section 6,Chapter 2 Section 6,Public Service Rules Chapter 2 practice quiz. Section 6.,2-43,42,42,27,Chapter2_Section6.xlsx,Chapter2_Section6,28,Chapter 2 Section 6,20607,Rule 020607 applies where posting requires what?,A change of duty station,Only a change of office chair,Only a change of salary account,Only a change of leave address,A,A change of duty station,1,"Correct. Under PSR Rule 020607, posting entitlements apply where the posting requires a change of duty station."
8,ch2-s06-p01,6,1,1,PSR Chapter 2 Section 6,Chapter 2 Section 6,Public Service Rules Chapter 2 practice quiz. Section 6.,2-43,42,42,28,Chapter2_Section6.xlsx,Chapter2_Section6,29,Chapter 2 Section 6,20608,An Officer who desires to live and work where his spouse lives may be allowed to do so if what condition is met?,The Branch of his MDA exists in the spouse’s location and there is a relevant established post at the Branch,The Officer simply refuses all other postings,The spouse requests it from a private employer,The Staff Union automatically approves it,A,The Branch of his MDA exists in the spouse’s location and there is a relevant established post at the Branch,1,"Correct. Under PSR Rule 020608, an Officer may be allowed to live and work where his spouse lives if the Branch of his MDA is found in the spouse’s location and there is a relevant established post at that Branch."
8,ch2-s06-p01,6,1,1,PSR Chapter 2 Section 6,Chapter 2 Section 6,Public Service Rules Chapter 2 practice quiz. Section 6.,2-43,42,42,29,Chapter2_Section6.xlsx,Chapter2_Section6,30,Chapter 2 Section 6,20608,What is Government’s responsibility for relocation cost when the posting is at the Officer’s request to spouse’s location?,Government is not responsible for the cost,Government pays unlimited relocation cost,Government pays only hotel allowance forever,Government pays the spouse’s salary,A,Government is not responsible for the cost,1,"Correct. Under PSR Rule 020608, Government shall not be responsible for the cost of relocating an Officer whose posting is at his request."
8,ch2-s06-p01,6,1,1,PSR Chapter 2 Section 6,Chapter 2 Section 6,Public Service Rules Chapter 2 practice quiz. Section 6.,2-43,42,42,30,Chapter2_Section6.xlsx,Chapter2_Section6,31,Chapter 2 Section 6,20608,Which statement correctly reflects posting to spouse’s location under Rule 020608?,"It may be allowed if the Officer’s MDA has a Branch and relevant established post in the spouse’s location, but Government does not bear relocation cost if the posting is at the Officer’s request",It is automatic even where no MDA Branch exists,Government must pay all relocation costs in every case,It applies only to retired Officers,A,"It may be allowed if the Officer’s MDA has a Branch and relevant established post in the spouse’s location, but Government does not bear relocation cost if the posting is at the Officer’s request",1,"Correct. PSR Rule 020608 allows spouse-location posting only where the MDA has a Branch and relevant established post in the spouse’s location, and Government does not bear relocation cost where the posting is at the Officer’s request."
8,ch2-s06-p01,6,1,1,PSR Chapter 2 Section 6,Chapter 2 Section 6,Public Service Rules Chapter 2 practice quiz. Section 6.,2-43,42,42,31,Chapter2_Section6.xlsx,Chapter2_Section6,32,Chapter 2 Section 6,20609,"Under Rule 020609, what is the primary responsibility of Federal Government employees?",To discharge duties assigned by their employer to the Nigerian public in a timely and efficient manner,To engage only in union activities,To refuse legitimate directives,To avoid assigned duties,A,To discharge duties assigned by their employer to the Nigerian public in a timely and efficient manner,1,"Correct. Under PSR Rule 020609, the primary responsibility of all Federal Government employees is to discharge assigned duties to the Nigerian public in a timely and efficient manner."
8,ch2-s06-p01,6,1,1,PSR Chapter 2 Section 6,Chapter 2 Section 6,Public Service Rules Chapter 2 practice quiz. Section 6.,2-43,42,42,32,Chapter2_Section6.xlsx,Chapter2_Section6,33,Chapter 2 Section 6,20609,Does involvement in staff union activities remove an Officer’s obligation to obey legitimate directives?,"No, Officers must still comply with extant circulars, the PSR and legitimate directives","Yes, union activities override all official directives","Yes, union executives are exempt from the PSR","Yes, if the Officer is a union member",A,"No, Officers must still comply with extant circulars, the PSR and legitimate directives",1,"Correct. Under PSR Rule 020609, notwithstanding involvement in staff union activities, Officers remain obligated to comply with extant circulars, the PSR and legitimate directives issued by appropriate authorities."
8,ch2-s06-p01,6,1,1,PSR Chapter 2 Section 6,Chapter 2 Section 6,Public Service Rules Chapter 2 practice quiz. Section 6.,2-43,42,42,33,Chapter2_Section6.xlsx,Chapter2_Section6,34,Chapter 2 Section 6,20609,Which of the following must union executives still obey under Rule 020609?,"Extant circulars, the PSR and legitimate directives issued by appropriate authorities",Only Staff Union rules,Only private instructions,Only family decisions,A,"Extant circulars, the PSR and legitimate directives issued by appropriate authorities",1,"Correct. Under PSR Rule 020609, Officers involved in staff union activities must still comply with extant circulars, the PSR and obey legitimate directives from appropriate authorities."
8,ch2-s06-p01,6,1,1,PSR Chapter 2 Section 6,Chapter 2 Section 6,Public Service Rules Chapter 2 practice quiz. Section 6.,2-43,42,42,34,Chapter2_Section6.xlsx,Chapter2_Section6,35,Chapter 2 Section 6,20610,"Under Rule 020610, Labour Union Executives shall not be posted out of their MDAs until when?",Until the expiration of their tenure in office,Until after one month of appointment,Until annual leave begins,Until they request promotion,A,Until the expiration of their tenure in office,1,"Correct. Under PSR Rule 020610, Labour Union Executives shall not be posted out of their MDAs until the expiration of their tenure in office."
8,ch2-s06-p01,6,1,1,PSR Chapter 2 Section 6,Chapter 2 Section 6,Public Service Rules Chapter 2 practice quiz. Section 6.,2-43,42,42,35,Chapter2_Section6.xlsx,Chapter2_Section6,36,Chapter 2 Section 6,20610,Which category of Officers is specifically protected from being posted out of their MDAs until tenure expiration?,Labour Union Executives,All probationary Officers,All retired Officers,All contract staff,A,Labour Union Executives,1,"Correct. Under PSR Rule 020610, Labour Union Executives shall not be posted out of their MDAs until their tenure in office expires."
8,ch2-s06-p01,6,1,1,PSR Chapter 2 Section 6,Chapter 2 Section 6,Public Service Rules Chapter 2 practice quiz. Section 6.,2-43,42,42,36,Chapter2_Section6.xlsx,Chapter2_Section6,37,Chapter 2 Section 6,20611,"At the expiration of tenure, what must a Union Executive member not decline?","Redeployment, posting or reassignment of schedule of duties",Annual leave allowance,Medical check-up only,Retirement benefits,A,"Redeployment, posting or reassignment of schedule of duties",1,"Correct. Under PSR Rule 020611, no Union Executive member at the expiration of tenure shall decline redeployment, posting or reassignment of schedule of duties."
8,ch2-s06-p01,6,1,1,PSR Chapter 2 Section 6,Chapter 2 Section 6,Public Service Rules Chapter 2 practice quiz. Section 6.,2-43,42,42,37,Chapter2_Section6.xlsx,Chapter2_Section6,38,Chapter 2 Section 6,20611,Rule 020611 applies at what point in the Union Executive member’s service as union executive?,At the expiration of tenure in office,Before taking the oath of secrecy,Before joining the Service,Only after retirement,A,At the expiration of tenure in office,1,"Correct. Under PSR Rule 020611, the rule applies at the expiration of the Union Executive member’s tenure in office."
8,ch2-s06-p01,6,1,1,PSR Chapter 2 Section 6,Chapter 2 Section 6,Public Service Rules Chapter 2 practice quiz. Section 6.,2-43,42,42,38,Chapter2_Section6.xlsx,Chapter2_Section6,39,Chapter 2 Section 6,20612,What tenure limit must Trade Unions and Staff Associations introduce in their Constitutions?,Two terms,Five terms,Unlimited terms,One term of ten years,A,Two terms,1,"Correct. Under PSR Rule 020612, Trade Unions and Staff Associations are mandated to introduce a tenure limit of two terms in their Constitutions."
8,ch2-s06-p01,6,1,1,PSR Chapter 2 Section 6,Chapter 2 Section 6,Public Service Rules Chapter 2 practice quiz. Section 6.,2-43,42,42,39,Chapter2_Section6.xlsx,Chapter2_Section6,40,Chapter 2 Section 6,20612,"Under Rule 020612, the duration of each union executive tenure shall not be more than what?",Two years,Four years,Five years,One month,A,Two years,1,"Correct. Under PSR Rule 020612, the duration for each tenure shall not be more than two years."
8,ch2-s06-p01,6,1,1,PSR Chapter 2 Section 6,Chapter 2 Section 6,Public Service Rules Chapter 2 practice quiz. Section 6.,2-43,42,42,40,Chapter2_Section6.xlsx,Chapter2_Section6,41,Chapter 2 Section 6,20612,What is the maximum total period an Officer may serve in an executive position during his Service life?,Four years,Eight years,Ten years,One year,A,Four years,1,"Correct. Under PSR Rule 020612, no Officer shall serve more than a total of four years in executive position during his Service life."
8,ch2-s06-p01,6,1,1,PSR Chapter 2 Section 6,Chapter 2 Section 6,Public Service Rules Chapter 2 practice quiz. Section 6.,2-43,42,42,41,Chapter2_Section6.xlsx,Chapter2_Section6,42,Chapter 2 Section 6,20612,Which statement correctly summarises Rule 020612?,"Trade Unions and Staff Associations must limit executive tenure to two terms, each not more than two years, and no Officer may serve more than four years in executive position during Service life",Union executives may serve unlimited terms,Each union tenure must be five years,Only retired Officers may serve in union executive positions,A,"Trade Unions and Staff Associations must limit executive tenure to two terms, each not more than two years, and no Officer may serve more than four years in executive position during Service life",1,"Correct. PSR Rule 020612 mandates Trade Unions and Staff Associations to introduce a two-term limit, with each tenure not exceeding two years, and no Officer serving more than four years total in executive position during Service life."
8,ch2-s06-p01,6,1,1,PSR Chapter 2 Section 6,Chapter 2 Section 6,Public Service Rules Chapter 2 practice quiz. Section 6.,2-43,42,42,42,Chapter2_Section6.xlsx,Chapter2_Section6,43,Chapter 2 Section 6,020601-020612,"Which statement best summarises Chapter 2, Section 6 of the PSR?","It regulates posting of Officers, including definition, conditions, fairness, Employee Mobility Policy, compliance reports, complaints, posting entitlements, spouse-location posting and union executive posting rules",It deals only with recruitment into GL. 07–10,It deals only with confirmation examinations,It regulates only annual leave and maternity leave,A,"It regulates posting of Officers, including definition, conditions, fairness, Employee Mobility Policy, compliance reports, complaints, posting entitlements, spouse-location posting and union executive posting rules",1,"Correct. PSR Chapter 2, Section 6, Rules 020601 to 020612 cover posting of Officers, including definition, conditions, procedure, guide to posting, Director HR reporting duty, posting complaints, entitlements, spouse-location posting, responsibilities of union executives, posting of union executives, redeployment of past union executives and tenure limits."
9,ch2-s07-p01,7,1,1,PSR Chapter 2 Section 7,Chapter 2 Section 7,Public Service Rules Chapter 2 practice quiz. Section 7.,2-43,42,42,1,Chapter2_Section7.xlsx,Chapter2_Section7,2,Chapter 2 Section 7,20701,"Under Rule 020701, when may an acting appointment be made?",When an Officer requests promotion,When a Staff Union recommends it,Where it is necessary for a duty post to continue to be filled and no Officer of corresponding substantive rank is available,Whenever a substantive holder takes casual leave,C,Where it is necessary for a duty post to continue to be filled and no Officer of corresponding substantive rank is available,1,"Correct. Under PSR Chapter 2, Section 7, Rule 020701, acting appointment may be made where it is necessary for a duty post to continue to be filled and no Officer of corresponding substantive rank is available for posting thereto."
9,ch2-s07-p01,7,1,1,PSR Chapter 2 Section 7,Chapter 2 Section 7,Public Service Rules Chapter 2 practice quiz. Section 7.,2-43,42,42,2,Chapter2_Section7.xlsx,Chapter2_Section7,3,Chapter 2 Section 7,20701,What is the minimum status of the duty post contemplated under Rule 020701?,Not lower than GL. 07,Not lower than SGL. 14,Only GL. 03 and below,Only a trainee post,B,Not lower than SGL. 14,1,"Correct. Under PSR Rule 020701, the duty post must be of a status not lower than SGL. 14 before acting appointment may be considered."
9,ch2-s07-p01,7,1,1,PSR Chapter 2 Section 7,Chapter 2 Section 7,Public Service Rules Chapter 2 practice quiz. Section 7.,2-43,42,42,3,Chapter2_Section7.xlsx,Chapter2_Section7,4,Chapter 2 Section 7,20701,Who must approve an acting appointment under Rule 020701?,The Officer’s colleague,The Staff Union,The Officer’s family,The Federal Civil Service Commission or Board,D,The Federal Civil Service Commission or Board,1,"Correct. Under PSR Rule 020701, acting appointment requires the approval of the Federal Civil Service Commission or Board."
9,ch2-s07-p01,7,1,1,PSR Chapter 2 Section 7,Chapter 2 Section 7,Public Service Rules Chapter 2 practice quiz. Section 7.,2-43,42,42,4,Chapter2_Section7.xlsx,Chapter2_Section7,5,Chapter 2 Section 7,20701,How is an Officer formally appointed to act under Rule 020701?,By notice in the gazette,By private verbal instruction only,By social media announcement,By casual leave form,A,By notice in the gazette,1,"Correct. Under PSR Rule 020701, an Officer may be formally appointed by notice in the gazette to act in the duty post."
9,ch2-s07-p01,7,1,1,PSR Chapter 2 Section 7,Chapter 2 Section 7,Public Service Rules Chapter 2 practice quiz. Section 7.,2-43,42,42,5,Chapter2_Section7.xlsx,Chapter2_Section7,6,Chapter 2 Section 7,20701,What duties may an acting Officer assume under Rule 020701?,Only ceremonial duties,No responsibility at all,"Either fully or in part, the duties and responsibilities of the post",Only union duties,C,"Either fully or in part, the duties and responsibilities of the post",1,"Correct. Under PSR Rule 020701, the acting Officer may assume either fully or in part the duties and responsibilities of the duty post."
9,ch2-s07-p01,7,1,1,PSR Chapter 2 Section 7,Chapter 2 Section 7,Public Service Rules Chapter 2 practice quiz. Section 7.,2-43,42,42,6,Chapter2_Section7.xlsx,Chapter2_Section7,7,Chapter 2 Section 7,20702,"Under Rule 020702, does short absence of a substantive holder automatically justify acting appointment?","Yes, it always justifies acting appointment","No, short absence alone does not justify acting appointment","Yes, if the Officer is on casual leave","Yes, if the Officer is on sick leave",B,"No, short absence alone does not justify acting appointment",1,"Correct. Under PSR Rule 020702, the mere fact that the substantive holder of a duty post will be absent for a short period, such as casual leave or sick leave, does not in itself justify an acting appointment."
9,ch2-s07-p01,7,1,1,PSR Chapter 2 Section 7,Chapter 2 Section 7,Public Service Rules Chapter 2 practice quiz. Section 7.,2-43,42,42,7,Chapter2_Section7.xlsx,Chapter2_Section7,8,Chapter 2 Section 7,20702,Which example of short absence is mentioned under Rule 020702?,Retirement after thirty-five years,Court conviction,Promotion examination,Casual leave or sick leave,D,Casual leave or sick leave,1,"Correct. Under PSR Rule 020702, examples of short absence include casual leave or sick leave."
9,ch2-s07-p01,7,1,1,PSR Chapter 2 Section 7,Chapter 2 Section 7,Public Service Rules Chapter 2 practice quiz. Section 7.,2-43,42,42,8,Chapter2_Section7.xlsx,Chapter2_Section7,9,Chapter 2 Section 7,20702,What circumstance may still necessitate acting appointment for a relatively brief period under Rule 020702?,Compliance with statutory provisions,Personal preference of the acting Officer,Family request of the substantive holder,Staff Union election,A,Compliance with statutory provisions,1,"Correct. Under PSR Rule 020702, circumstances such as compliance with statutory provisions may necessitate an acting appointment for a relatively brief period."
9,ch2-s07-p01,7,1,1,PSR Chapter 2 Section 7,Chapter 2 Section 7,Public Service Rules Chapter 2 practice quiz. Section 7.,2-43,42,42,9,Chapter2_Section7.xlsx,Chapter2_Section7,10,Chapter 2 Section 7,20702,Who decides whether an acting appointment is necessary or desirable in a particular case?,The substantive holder alone,The Officer’s immediate colleague,The Federal Civil Service Commission or Board,The Staff Union only,C,The Federal Civil Service Commission or Board,1,"Correct. Under PSR Rule 020702, the decision whether an acting appointment is necessary or desirable rests with the Federal Civil Service Commission or Board."
9,ch2-s07-p01,7,1,1,PSR Chapter 2 Section 7,Chapter 2 Section 7,Public Service Rules Chapter 2 practice quiz. Section 7.,2-43,42,42,10,Chapter2_Section7.xlsx,Chapter2_Section7,11,Chapter 2 Section 7,20703,"Under Rule 020703, acting appointment is not intended for what purpose?",To fill a temporarily vacant post,To test the suitability of Officers for promotion,To ensure continuity of official duties,To cover a vacant duty post temporarily,B,To test the suitability of Officers for promotion,1,"Correct. Under PSR Rule 020703, acting appointment is not intended as a means of testing the suitability of Officers for promotion."
9,ch2-s07-p01,7,1,1,PSR Chapter 2 Section 7,Chapter 2 Section 7,Public Service Rules Chapter 2 practice quiz. Section 7.,2-43,42,42,11,Chapter2_Section7.xlsx,Chapter2_Section7,12,Chapter 2 Section 7,20703,Acting appointments will normally be made for what purpose under Rule 020703?,To reward staff union membership,To replace confirmation examinations,To punish Officers,To fill posts that are temporarily vacant,D,To fill posts that are temporarily vacant,1,"Correct. Under PSR Rule 020703, acting appointments will normally be made only to fill posts that are temporarily vacant."
9,ch2-s07-p01,7,1,1,PSR Chapter 2 Section 7,Chapter 2 Section 7,Public Service Rules Chapter 2 practice quiz. Section 7.,2-43,42,42,12,Chapter2_Section7.xlsx,Chapter2_Section7,13,Chapter 2 Section 7,20703,What does Rule 020703 say about the duration of acting appointments?,Their duration should be limited accordingly,They must be permanent,They must last until retirement,They must be unlimited,A,Their duration should be limited accordingly,1,"Correct. Under PSR Rule 020703, acting appointments are normally for temporarily vacant posts and their duration should be limited accordingly."
9,ch2-s07-p01,7,1,1,PSR Chapter 2 Section 7,Chapter 2 Section 7,Public Service Rules Chapter 2 practice quiz. Section 7.,2-43,42,42,13,Chapter2_Section7.xlsx,Chapter2_Section7,14,Chapter 2 Section 7,20704,On which form must recommendations for acting appointment be forwarded to the Federal Civil Service Commission?,Form L.10,Form Gen. 60,General Form 66,Form FC. 2,C,General Form 66,1,"Correct. Under PSR Rule 020704(a), recommendations for acting appointment must be forwarded to the Federal Civil Service Commission on General Form 66."
9,ch2-s07-p01,7,1,1,PSR Chapter 2 Section 7,Chapter 2 Section 7,Public Service Rules Chapter 2 practice quiz. Section 7.,2-43,42,42,14,Chapter2_Section7.xlsx,Chapter2_Section7,15,Chapter 2 Section 7,20704,What certificate must accompany a recommendation for acting appointment under Rule 020704?,A certificate that the acting Officer will assume the full duties and responsibilities of the post,A certificate of annual leave only,A certificate of union membership,A certificate of pension payment,A,A certificate that the acting Officer will assume the full duties and responsibilities of the post,1,"Correct. Under PSR Rule 020704(a), the recommendation must include a certificate that the acting Officer will assume the full duties and responsibilities of the post."
9,ch2-s07-p01,7,1,1,PSR Chapter 2 Section 7,Chapter 2 Section 7,Public Service Rules Chapter 2 practice quiz. Section 7.,2-43,42,42,15,Chapter2_Section7.xlsx,Chapter2_Section7,16,Chapter 2 Section 7,20704,Who gazettes an approved acting appointment under Rule 020704?,The Staff Union,The Officer’s MDA without approval,The Officer personally,The Federal Civil Service Commission,D,The Federal Civil Service Commission,1,"Correct. Under PSR Rule 020704(a), an approved acting appointment shall be gazetted by the Federal Civil Service Commission."
9,ch2-s07-p01,7,1,1,PSR Chapter 2 Section 7,Chapter 2 Section 7,Public Service Rules Chapter 2 practice quiz. Section 7.,2-43,42,42,16,Chapter2_Section7.xlsx,Chapter2_Section7,17,Chapter 2 Section 7,20704,An approved acting appointment shall on no account be backdated beyond what period from the date the Commission receives the recommendation?,One year,Six months,Two years,Three weeks,B,Six months,1,"Correct. Under PSR Rule 020704(a), an approved acting appointment shall not be backdated to a period in excess of six months from the date the Federal Civil Service Commission receives the recommendation."
9,ch2-s07-p01,7,1,1,PSR Chapter 2 Section 7,Chapter 2 Section 7,Public Service Rules Chapter 2 practice quiz. Section 7.,2-43,42,42,17,Chapter2_Section7.xlsx,Chapter2_Section7,18,Chapter 2 Section 7,20704,What is the normal maximum period of acting appointment under Rule 020704?,Three months,Six months,One year,Four years,C,One year,1,"Correct. Under PSR Rule 020704(b), the period of acting appointment shall not exceed one year in the normal case."
9,ch2-s07-p01,7,1,1,PSR Chapter 2 Section 7,Chapter 2 Section 7,Public Service Rules Chapter 2 practice quiz. Section 7.,2-43,42,42,18,Chapter2_Section7.xlsx,Chapter2_Section7,19,Chapter 2 Section 7,20704,"In exceptional circumstances, an acting appointment may be extended for what additional period under Rule 020704?",Another one year,Another five years,Another six months,Indefinitely,A,Another one year,1,"Correct. Under PSR Rule 020704(b), in exceptional circumstances, acting appointment may be extended for another one year."
9,ch2-s07-p01,7,1,1,PSR Chapter 2 Section 7,Chapter 2 Section 7,Public Service Rules Chapter 2 practice quiz. Section 7.,2-43,42,42,19,Chapter2_Section7.xlsx,Chapter2_Section7,20,Chapter 2 Section 7,20704,Which statement correctly summarises the procedure under Rule 020704?,Acting appointment is made by verbal instruction only,Acting appointment is unlimited once approved,Acting appointment needs no certificate or gazette,"Recommendation is made on General Form 66, must include the required certificate, and approved appointment is gazetted",D,"Recommendation is made on General Form 66, must include the required certificate, and approved appointment is gazetted",1,"Correct. Under PSR Rule 020704, recommendations are forwarded on General Form 66 with the required certificate, and approved acting appointment is gazetted by the Federal Civil Service Commission."
9,ch2-s07-p01,7,1,1,PSR Chapter 2 Section 7,Chapter 2 Section 7,Public Service Rules Chapter 2 practice quiz. Section 7.,2-43,42,42,20,Chapter2_Section7.xlsx,Chapter2_Section7,21,Chapter 2 Section 7,20705,Where is the commencement date of an acting appointment indicated?,In the gazette notice authorizing the appointment,In the Officer’s private diary,In the annual leave roster,In a Staff Union register,A,In the gazette notice authorizing the appointment,1,"Correct. Under PSR Rule 020705, the date on which an acting appointment commences is indicated in the gazette notice authorizing the appointment."
9,ch2-s07-p01,7,1,1,PSR Chapter 2 Section 7,Chapter 2 Section 7,Public Service Rules Chapter 2 practice quiz. Section 7.,2-43,42,42,21,Chapter2_Section7.xlsx,Chapter2_Section7,22,Chapter 2 Section 7,20705,"Normally, what is the gazette date of commencement of an acting appointment?",The date the Officer applies for promotion,The date the Officer receives salary,The date the acting Officer takes over the duties and responsibilities of the post,The date the Staff Union approves it,C,The date the acting Officer takes over the duties and responsibilities of the post,1,"Correct. Under PSR Rule 020705, the gazette date of commencement will normally be the date on which the acting Officer takes over the duties and responsibilities of the post."
9,ch2-s07-p01,7,1,1,PSR Chapter 2 Section 7,Chapter 2 Section 7,Public Service Rules Chapter 2 practice quiz. Section 7.,2-43,42,42,22,Chapter2_Section7.xlsx,Chapter2_Section7,23,Chapter 2 Section 7,20705,"Where the acting Officer takes over from the substantive holder, the gazette date of commencement will not be earlier than when?","The date the substantive holder, after handing over, leaves the station or post",The date the acting Officer first joined the Service,The date the Officer’s annual leave starts in another MDA,The date of union nomination,A,"The date the substantive holder, after handing over, leaves the station or post",1,"Correct. Under PSR Rule 020705(a), where the acting Officer takes over from the substantive holder, the commencement date will not be earlier than the date the substantive holder, after handing over, leaves the station or post."
9,ch2-s07-p01,7,1,1,PSR Chapter 2 Section 7,Chapter 2 Section 7,Public Service Rules Chapter 2 practice quiz. Section 7.,2-43,42,42,23,Chapter2_Section7.xlsx,Chapter2_Section7,24,Chapter 2 Section 7,20705,Which situation is listed under Rule 020705 as relevant to commencement where the substantive holder has handed over?,The substantive holder refuses to hand over,The substantive holder applies for casual leave only,The substantive holder is transferred to a private company,The substantive holder takes over substantively or acts in another post in the same station,D,The substantive holder takes over substantively or acts in another post in the same station,1,"Correct. Under PSR Rule 020705(b), the gazette date may relate to when the substantive holder takes over substantively or acts in another post in the same station after handing over."
9,ch2-s07-p01,7,1,1,PSR Chapter 2 Section 7,Chapter 2 Section 7,Public Service Rules Chapter 2 practice quiz. Section 7.,2-43,42,42,24,Chapter2_Section7.xlsx,Chapter2_Section7,25,Chapter 2 Section 7,20705,"Under Rule 020705, commencement may also relate to the date the substantive holder does what in the same station?",Commences vacation leave,Joins a secret society,Applies for retirement benefits,Receives a query,A,Commences vacation leave,1,"Correct. Under PSR Rule 020705(c), the commencement date may relate to when the substantive holder commences vacation leave in the same station, where applicable."
9,ch2-s07-p01,7,1,1,PSR Chapter 2 Section 7,Chapter 2 Section 7,Public Service Rules Chapter 2 practice quiz. Section 7.,2-43,42,42,25,Chapter2_Section7.xlsx,Chapter2_Section7,26,Chapter 2 Section 7,20705,Which statement best reflects Rule 020705?,The commencement date is always the date of interview,The commencement date is fixed by the Officer alone,The commencement date is indicated in the gazette notice and normally relates to when the acting Officer takes over duties,The commencement date is never gazetted,C,The commencement date is indicated in the gazette notice and normally relates to when the acting Officer takes over duties,1,"Correct. Under PSR Rule 020705, the commencement date is indicated in the gazette notice and normally corresponds to the date the acting Officer takes over the duties and responsibilities of the post."
9,ch2-s07-p01,7,1,1,PSR Chapter 2 Section 7,Chapter 2 Section 7,Public Service Rules Chapter 2 practice quiz. Section 7.,2-43,42,42,26,Chapter2_Section7.xlsx,Chapter2_Section7,27,Chapter 2 Section 7,20706,Where is the cessation date of an acting appointment indicated under Rule 020706?,In the gazette notice reverting the Officer’s appointment,In a Staff Union register only,In the Officer’s private diary,In the annual leave roster,A,In the gazette notice reverting the Officer’s appointment,1,"Correct. Under PSR Rule 020706, the date on which an acting appointment ceases is indicated in the gazette notice reverting the Officer’s appointment."
9,ch2-s07-p01,7,1,1,PSR Chapter 2 Section 7,Chapter 2 Section 7,Public Service Rules Chapter 2 practice quiz. Section 7.,2-43,42,42,27,Chapter2_Section7.xlsx,Chapter2_Section7,28,Chapter 2 Section 7,20706,"Normally, what is the gazette date of cessation of an acting appointment?",The date the Officer applied for acting appointment,The date the Officer first joined the Service,The date of confirmation examination,The date the acting Officer relinquishes the duties and responsibilities of the post,D,The date the acting Officer relinquishes the duties and responsibilities of the post,1,"Correct. Under PSR Rule 020706, the gazette date of cessation will normally be the date on which the acting Officer relinquishes the duties and responsibilities of the post."
9,ch2-s07-p01,7,1,1,PSR Chapter 2 Section 7,Chapter 2 Section 7,Public Service Rules Chapter 2 practice quiz. Section 7.,2-43,42,42,28,Chapter2_Section7.xlsx,Chapter2_Section7,29,Chapter 2 Section 7,20706,"Where the acting Officer hands over to the substantive holder, the cessation date will not normally be later than when?","The date the substantive holder, before taking over, arrives at the station",The date of the next promotion exercise,The date of the acting Officer’s birthday,The date of casual leave approval,A,"The date the substantive holder, before taking over, arrives at the station",1,"Correct. Under PSR Rule 020706(a), where the acting Officer hands over to the substantive holder, the cessation date will not normally be later than the date the substantive holder, before taking over, arrives at the station."
9,ch2-s07-p01,7,1,1,PSR Chapter 2 Section 7,Chapter 2 Section 7,Public Service Rules Chapter 2 practice quiz. Section 7.,2-43,42,42,29,Chapter2_Section7.xlsx,Chapter2_Section7,30,Chapter 2 Section 7,20706,Which event is listed under Rule 020706 as relevant before the substantive holder takes over?,The substantive holder receives annual allowance only,The substantive holder joins the Staff Union,The substantive holder ceases to hold substantively or acts in another post in the same station,The substantive holder starts a private business,C,The substantive holder ceases to hold substantively or acts in another post in the same station,1,"Correct. Under PSR Rule 020706(b), the cessation date may relate to when the substantive holder ceases to hold substantively or acts in another post in the same station before taking over."
9,ch2-s07-p01,7,1,1,PSR Chapter 2 Section 7,Chapter 2 Section 7,Public Service Rules Chapter 2 practice quiz. Section 7.,2-43,42,42,30,Chapter2_Section7.xlsx,Chapter2_Section7,31,Chapter 2 Section 7,20706,"Under Rule 020706, cessation may also relate to when the substantive holder does what in the same station?",Ceases vacation leave,Applies for promotion,Writes a petition,Receives salary,A,Ceases vacation leave,1,"Correct. Under PSR Rule 020706(c), the cessation date may relate to when the substantive holder ceases vacation leave in the same station, where applicable."
9,ch2-s07-p01,7,1,1,PSR Chapter 2 Section 7,Chapter 2 Section 7,Public Service Rules Chapter 2 practice quiz. Section 7.,2-43,42,42,31,Chapter2_Section7.xlsx,Chapter2_Section7,32,Chapter 2 Section 7,20706,Which statement best summarises Rule 020706?,Acting appointment ceases only when the Staff Union decides,Acting appointment ceases without gazette notice,Acting appointment ceases only at retirement,Cessation is indicated in the gazette notice reverting the Officer and normally relates to relinquishing the duties of the post,D,Cessation is indicated in the gazette notice reverting the Officer and normally relates to relinquishing the duties of the post,1,"Correct. Under PSR Rule 020706, the cessation date is indicated in the gazette notice reverting the Officer and normally corresponds to the date the acting Officer relinquishes the duties and responsibilities of the post."
9,ch2-s07-p01,7,1,1,PSR Chapter 2 Section 7,Chapter 2 Section 7,Public Service Rules Chapter 2 practice quiz. Section 7.,2-43,42,42,32,Chapter2_Section7.xlsx,Chapter2_Section7,33,Chapter 2 Section 7,20707,"Under Rule 020707, Ministries must notify whom when Officers revert from acting appointment?",The Officer’s family,The Federal Civil Service Commission,The Staff Union,A private contractor,B,The Federal Civil Service Commission,1,"Correct. Under PSR Rule 020707, Ministries are required to notify the Federal Civil Service Commission when Officers revert from acting appointment."
9,ch2-s07-p01,7,1,1,PSR Chapter 2 Section 7,Chapter 2 Section 7,Public Service Rules Chapter 2 practice quiz. Section 7.,2-43,42,42,33,Chapter2_Section7.xlsx,Chapter2_Section7,34,Chapter 2 Section 7,20707,Which form is used to notify the Federal Civil Service Commission when Officers revert from acting appointment?,Form Gen. 15A,Form L.10,Form Gen. 60,Form FC. 2,A,Form Gen. 15A,1,"Correct. Under PSR Rule 020707, notification of reversion from acting appointment is done by completing Form No. Gen. 15A."
9,ch2-s07-p01,7,1,1,PSR Chapter 2 Section 7,Chapter 2 Section 7,Public Service Rules Chapter 2 practice quiz. Section 7.,2-43,42,42,34,Chapter2_Section7.xlsx,Chapter2_Section7,35,Chapter 2 Section 7,20707,When must Form Gen. 15A be forwarded before cessation of acting appointment?,Not less than two weeks before cessation,After six months of cessation,Immediately after retirement,Only after promotion,A,Not less than two weeks before cessation,1,"Correct. Under PSR Rule 020707, Form No. Gen. 15A must be forwarded not less than two weeks before cessation of the acting appointment."
9,ch2-s07-p01,7,1,1,PSR Chapter 2 Section 7,Chapter 2 Section 7,Public Service Rules Chapter 2 practice quiz. Section 7.,2-43,42,42,35,Chapter2_Section7.xlsx,Chapter2_Section7,36,Chapter 2 Section 7,20707,Which statement correctly reflects Rule 020707?,Ministries notify the Staff Union by casual leave form,Ministries need not notify anyone when acting appointment ends,Ministries notify the FCSC after five years only,Ministries notify the FCSC by Form Gen. 15A not less than two weeks before cessation,D,Ministries notify the FCSC by Form Gen. 15A not less than two weeks before cessation,1,"Correct. Under PSR Rule 020707, Ministries must notify the Federal Civil Service Commission by completing Form Gen. 15A and forwarding it not less than two weeks before cessation of the acting appointment."
9,ch2-s07-p01,7,1,1,PSR Chapter 2 Section 7,Chapter 2 Section 7,Public Service Rules Chapter 2 practice quiz. Section 7.,2-43,42,42,36,Chapter2_Section7.xlsx,Chapter2_Section7,37,Chapter 2 Section 7,20708,"Under Rule 020708, does an acting Officer relinquish acting duties merely by proceeding on casual or special leave within Nigeria?","Yes, always",Only if the leave is one day,"No, provided the stated conditions are satisfied",Only if the Officer is a union executive,C,"No, provided the stated conditions are satisfied",1,"Correct. Under PSR Rule 020708(a), an acting Officer is not regarded as relinquishing acting duties by proceeding on casual or special leave within the country, provided the stated conditions are met."
9,ch2-s07-p01,7,1,1,PSR Chapter 2 Section 7,Chapter 2 Section 7,Public Service Rules Chapter 2 practice quiz. Section 7.,2-43,42,42,37,Chapter2_Section7.xlsx,Chapter2_Section7,38,Chapter 2 Section 7,20708,"For casual or special leave not to amount to relinquishment under Rule 020708, where must the acting Officer spend the leave?",In Nigeria or on a sea voyage between Nigerian ports,In any foreign country without approval,Only in the substantive holder’s house,Only outside the country,A,In Nigeria or on a sea voyage between Nigerian ports,1,"Correct. Under PSR Rule 020708(a), the acting Officer must spend such leave in Nigeria or on a sea voyage between Nigerian ports."
9,ch2-s07-p01,7,1,1,PSR Chapter 2 Section 7,Chapter 2 Section 7,Public Service Rules Chapter 2 practice quiz. Section 7.,2-43,42,42,38,Chapter2_Section7.xlsx,Chapter2_Section7,39,Chapter 2 Section 7,20708,Which additional condition applies under Rule 020708(a) for casual or special leave not to amount to relinquishment?,It must be necessary to appoint another Officer to act,The acting Officer must refuse to resume duty,The acting Officer must apply for promotion,It must not be necessary during such leave to appoint another Officer to act in the duty post,D,It must not be necessary during such leave to appoint another Officer to act in the duty post,1,"Correct. Under PSR Rule 020708(a), casual or special leave will not amount to relinquishment provided it is not necessary during such leave to appoint another Officer to act in the duty post."
9,ch2-s07-p01,7,1,1,PSR Chapter 2 Section 7,Chapter 2 Section 7,Public Service Rules Chapter 2 practice quiz. Section 7.,2-43,42,42,39,Chapter2_Section7.xlsx,Chapter2_Section7,40,Chapter 2 Section 7,20708,"Where the Head of a Department, Division, Unit or Branch is unavailable for a period spanning one month, who oversees the office?",The most junior Officer,The Staff Union Chairman,The most senior Officer in the Department or Organization,The Officer’s personal assistant,C,The most senior Officer in the Department or Organization,1,"Correct. Under PSR Rule 020708(b), where the Head of a Department, Division, Unit or Branch is unavailable for a period spanning one month, the most senior Officer in the Department or Organization shall oversee the office."
9,ch2-s07-p01,7,1,1,PSR Chapter 2 Section 7,Chapter 2 Section 7,Public Service Rules Chapter 2 practice quiz. Section 7.,2-43,42,42,40,Chapter2_Section7.xlsx,Chapter2_Section7,41,Chapter 2 Section 7,20708,"Rule 020708(b) applies where the Head of Department, Division, Unit or Branch is unavailable due to what?",Annual leave or any other approved assignment,Dismissal only,Secret society membership only,Private business only,A,Annual leave or any other approved assignment,1,"Correct. Under PSR Rule 020708(b), the provision applies where the Head is unavailable for a period spanning one month as a result of annual leave or any other approved assignment."
9,ch2-s07-p01,7,1,1,PSR Chapter 2 Section 7,Chapter 2 Section 7,Public Service Rules Chapter 2 practice quiz. Section 7.,2-43,42,42,41,Chapter2_Section7.xlsx,Chapter2_Section7,42,Chapter 2 Section 7,20708,What period of unavailability triggers the arrangement under Rule 020708(b)?,A period spanning one month,A period of one hour,A period of one day,A period of one week,A,A period spanning one month,1,"Correct. Under PSR Rule 020708(b), where the Head of Department, Division, Unit or Branch is unavailable for a period spanning one month, the most senior Officer shall oversee the office."
9,ch2-s07-p01,7,1,1,PSR Chapter 2 Section 7,Chapter 2 Section 7,Public Service Rules Chapter 2 practice quiz. Section 7.,2-43,42,42,42,Chapter2_Section7.xlsx,Chapter2_Section7,43,Chapter 2 Section 7,020701-020708,"Which statement best summarises Chapter 2, Section 7 of the PSR?",It deals only with annual leave,It deals only with transfer and secondment,It deals only with recruitment of junior staff,"It regulates acting appointment, including when it is made, approval, gazetting, procedure, commencement, cessation, FCSC notification and the effect of casual or special leave",D,"It regulates acting appointment, including when it is made, approval, gazetting, procedure, commencement, cessation, FCSC notification and the effect of casual or special leave",1,"Correct. PSR Chapter 2, Section 7, Rules 020701 to 020708 regulate acting appointment, including when it may be made, when it is not justified, procedure, commencement, cessation, notification to the Federal Civil Service Commission and the effect of casual or special leave."
10,ch2-s08-p01,8,1,2,PSR Chapter 2 Section 8 - Part 1,Chapter 2 Section 8 - Part 1,"Public Service Rules Chapter 2 practice quiz. Section 8, Part 1 of 2.",2-36,35,35,1,Chapter2_Section8.xlsx,Chapter2_Section8,2,Chapter 2 Section 8,20801,"Under Rule 020801, promotion to all posts in the Federal Civil Service, except Permanent Secretaries, is vested in which authority?",The Office of the Accountant-General of the Federation,The Federal Civil Service Commission,The Staff Union,The Ministry of Finance,B,The Federal Civil Service Commission,1,"Correct. Under PSR Chapter 2, Section 8, Rule 020801, promotion to all posts in the Federal Civil Service, other than those of Permanent Secretaries, is vested in the Federal Civil Service Commission."
10,ch2-s08-p01,8,1,2,PSR Chapter 2 Section 8 - Part 1,Chapter 2 Section 8 - Part 1,"Public Service Rules Chapter 2 practice quiz. Section 8, Part 1 of 2.",2-36,35,35,2,Chapter2_Section8.xlsx,Chapter2_Section8,3,Chapter 2 Section 8,20801,Which post is expressly excluded from the general promotion authority stated in Rule 020801(a)?,Permanent Secretaries,Clerical Officers,Executive Officers,Technical Officers,A,Permanent Secretaries,1,Correct. PSR Rule 020801(a) states that promotion to all posts other than those of Permanent Secretaries is vested in the Federal Civil Service Commission.
10,ch2-s08-p01,8,1,2,PSR Chapter 2 Section 8 - Part 1,Chapter 2 Section 8 - Part 1,"Public Service Rules Chapter 2 practice quiz. Section 8, Part 1 of 2.",2-36,35,35,3,Chapter2_Section8.xlsx,Chapter2_Section8,4,Chapter 2 Section 8,20801,"Under Rule 020801(b), Permanent Secretaries and Heads of Extra-Ministerial Offices may promote eligible candidates to which delegated posts?",All posts up to GL. 17,Only political posts,Posts on SGL 06 or its equivalent and below,Only Permanent Secretary posts,C,Posts on SGL 06 or its equivalent and below,1,"Correct. Under PSR Rule 020801(b), Permanent Secretaries and Heads of Extra-Ministerial Offices may promote eligible candidates to delegated posts on SGL 06 or its equivalent and below."
10,ch2-s08-p01,8,1,2,PSR Chapter 2 Section 8 - Part 1,Chapter 2 Section 8 - Part 1,"Public Service Rules Chapter 2 practice quiz. Section 8, Part 1 of 2.",2-36,35,35,4,Chapter2_Section8.xlsx,Chapter2_Section8,5,Chapter 2 Section 8,20801,Promotion by Permanent Secretaries or Heads of Extra-Ministerial Offices under Rule 020801(b) must be based on what?,Private recommendation of the Officer,Recommendation of the appropriate committee,Verbal approval of colleagues,Personal request by the candidate,B,Recommendation of the appropriate committee,1,"Correct. Under PSR Rule 020801(b), promotion to delegated posts on SGL 06 or equivalent and below is based on the recommendation of the appropriate committee."
10,ch2-s08-p01,8,1,2,PSR Chapter 2 Section 8 - Part 1,Chapter 2 Section 8 - Part 1,"Public Service Rules Chapter 2 practice quiz. Section 8, Part 1 of 2.",2-36,35,35,5,Chapter2_Section8.xlsx,Chapter2_Section8,6,Chapter 2 Section 8,20802,"Except where powers have been delegated, when does a promotion become effective under Rule 020802(a)?",When the Officer applies for it,When the Staff Union supports it,When the Officer resumes work,When approved by the Federal Civil Service Commission,D,When approved by the Federal Civil Service Commission,1,"Correct. Under PSR Rule 020802(a), except where powers of appointment or promotion have been delegated, no promotion becomes effective until approved by the Federal Civil Service Commission."
10,ch2-s08-p01,8,1,2,PSR Chapter 2 Section 8 - Part 1,Chapter 2 Section 8 - Part 1,"Public Service Rules Chapter 2 practice quiz. Section 8, Part 1 of 2.",2-36,35,35,6,Chapter2_Section8.xlsx,Chapter2_Section8,7,Chapter 2 Section 8,20802,"Under Rule 020802(b), which Officers within the field of selection shall not be considered for promotion?",Officers under disciplinary action,Officers with good performance records,Officers who meet eligibility requirements,Officers who are due for promotion,A,Officers under disciplinary action,1,"Correct. Under PSR Rule 020802(b), all Officers within the field of selection shall be considered except those who are under disciplinary action."
10,ch2-s08-p01,8,1,2,PSR Chapter 2 Section 8 - Part 1,Chapter 2 Section 8 - Part 1,"Public Service Rules Chapter 2 practice quiz. Section 8, Part 1 of 2.",2-36,35,35,7,Chapter2_Section8.xlsx,Chapter2_Section8,8,Chapter 2 Section 8,20802,What is the minimum number of years in post for Officers on GL. 06 and below before promotion consideration under Rule 020802(c)?,Minimum of 4 years,Minimum of 3 years,Minimum of 2 years,Minimum of 5 years,C,Minimum of 2 years,1,"Correct. Under PSR Rule 020802(c), Officers on GL. 06 and below must spend a minimum of 2 years in post before being considered eligible for promotion."
10,ch2-s08-p01,8,1,2,PSR Chapter 2 Section 8 - Part 1,Chapter 2 Section 8 - Part 1,"Public Service Rules Chapter 2 practice quiz. Section 8, Part 1 of 2.",2-36,35,35,8,Chapter2_Section8.xlsx,Chapter2_Section8,9,Chapter 2 Section 8,20802,What is the minimum number of years in post for Officers on GL. 07–14 before promotion consideration under Rule 020802(c)?,Minimum of 2 years,Minimum of 3 years,Minimum of 5 years,Minimum of 1 year,B,Minimum of 3 years,1,"Correct. Under PSR Rule 020802(c), Officers on GL. 07–14 must spend a minimum of 3 years in post before being considered eligible for promotion."
10,ch2-s08-p01,8,1,2,PSR Chapter 2 Section 8 - Part 1,Chapter 2 Section 8 - Part 1,"Public Service Rules Chapter 2 practice quiz. Section 8, Part 1 of 2.",2-36,35,35,9,Chapter2_Section8.xlsx,Chapter2_Section8,10,Chapter 2 Section 8,20802,What is the minimum number of years in post for Officers on GL. 15–17 before promotion consideration under Rule 020802(c)?,Minimum of 2 years,Minimum of 3 years,Minimum of 1 year,Minimum of 4 years,D,Minimum of 4 years,1,"Correct. Under PSR Rule 020802(c), Officers on GL. 15–17 must spend a minimum of 4 years in post before being considered eligible for promotion."
10,ch2-s08-p01,8,1,2,PSR Chapter 2 Section 8 - Part 1,Chapter 2 Section 8 - Part 1,"Public Service Rules Chapter 2 practice quiz. Section 8, Part 1 of 2.",2-36,35,35,10,Chapter2_Section8.xlsx,Chapter2_Section8,11,Chapter 2 Section 8,20802,Promotion under Rule 020802(d) must be made strictly on what basis?,Competitive merit,Personal friendship,Length of annual leave,Political influence,A,Competitive merit,1,"Correct. Under PSR Rule 020802(d), promotion shall be made strictly on the basis of competitive merit from among all eligible candidates."
10,ch2-s08-p01,8,1,2,PSR Chapter 2 Section 8 - Part 1,Chapter 2 Section 8 - Part 1,"Public Service Rules Chapter 2 practice quiz. Section 8, Part 1 of 2.",2-36,35,35,11,Chapter2_Section8.xlsx,Chapter2_Section8,12,Chapter 2 Section 8,20802,"In assessing merit under Rule 020802(d), what distinction must be made?",Between salary and pension only,Between lower-grade performance or efficiency and potential for the higher post,Between married and unmarried Officers,Between Officers who live near and far from office,B,Between lower-grade performance or efficiency and potential for the higher post,1,"Correct. Under PSR Rule 020802(d)(i), a clear distinction must be made between records of performance or efficiency in lower grades and potential to perform higher duties efficiently."
10,ch2-s08-p01,8,1,2,PSR Chapter 2 Section 8 - Part 1,Chapter 2 Section 8 - Part 1,"Public Service Rules Chapter 2 practice quiz. Section 8, Part 1 of 2.",2-36,35,35,12,Chapter2_Section8.xlsx,Chapter2_Section8,13,Chapter 2 Section 8,20802,"Under Rule 020802(d), seniority and previous performance records are used especially when candidates have what?",No qualification at all,No vacancy available,Equal potential for promotion,No appraisal record,C,Equal potential for promotion,1,"Correct. Under PSR Rule 020802(d)(ii), seniority and previous records of performance are taken into account in choosing between candidates with equal potential for promotion."
10,ch2-s08-p01,8,1,2,PSR Chapter 2 Section 8 - Part 1,Chapter 2 Section 8 - Part 1,"Public Service Rules Chapter 2 practice quiz. Section 8, Part 1 of 2.",2-36,35,35,13,Chapter2_Section8.xlsx,Chapter2_Section8,14,Chapter 2 Section 8,20802,Which conduct requirement is considered in all promotion cases under Rule 020802(d)?,Ability to travel abroad,Political endorsement,Length of casual leave,A generally satisfactory record of conduct,D,A generally satisfactory record of conduct,1,"Correct. Under PSR Rule 020802(d)(iii), a generally satisfactory record of conduct shall be considered in all promotion cases."
10,ch2-s08-p01,8,1,2,PSR Chapter 2 Section 8 - Part 1,Chapter 2 Section 8 - Part 1,"Public Service Rules Chapter 2 practice quiz. Section 8, Part 1 of 2.",2-36,35,35,14,Chapter2_Section8.xlsx,Chapter2_Section8,15,Chapter 2 Section 8,20802,Who is responsible for promotion of Officers into GL. 06 or its equivalent and below under Rule 020802(e)?,The National Assembly,"The Ministry, Department and Agency",The Officer personally,The Pension Fund Administrator,B,"The Ministry, Department and Agency",1,"Correct. Under PSR Rule 020802(e)(i), promotion into GL. 06 or its equivalent and below is by the Ministry, Department and Agency."
10,ch2-s08-p01,8,1,2,PSR Chapter 2 Section 8 - Part 1,Chapter 2 Section 8 - Part 1,"Public Service Rules Chapter 2 practice quiz. Section 8, Part 1 of 2.",2-36,35,35,15,Chapter2_Section8.xlsx,Chapter2_Section8,16,Chapter 2 Section 8,20802,"Promotion into GL. 07 to SGL 14 is handled by the Ministry or relevant staff pool with whose approval, subject to confirmation by the FCSC or Board?",The Staff Union Chairman,The Accountant-General,The Head of the Civil Service of the Federation,The Officer’s immediate supervisor,C,The Head of the Civil Service of the Federation,1,"Correct. Under PSR Rule 020802(e)(ii), promotion into GL. 07 to SGL 14 is by the Ministry or relevant staff pool with approval of the Head of the Civil Service of the Federation, subject to confirmation by the FCSC or Board."
10,ch2-s08-p01,8,1,2,PSR Chapter 2 Section 8 - Part 1,Chapter 2 Section 8 - Part 1,"Public Service Rules Chapter 2 practice quiz. Section 8, Part 1 of 2.",2-36,35,35,16,Chapter2_Section8.xlsx,Chapter2_Section8,17,Chapter 2 Section 8,20802,Promotion into GL. 15–17 is by the Federal Civil Service Commission on recommendation routed through which office or authority?,The Office of the Head of the Civil Service of the Federation or Board,The Staff Union Secretariat,The Officer’s Department only,The Pension Fund Administrator,A,The Office of the Head of the Civil Service of the Federation or Board,1,"Correct. Under PSR Rule 020802(e)(iii), promotion into GL. 15–17 is by the Federal Civil Service Commission on recommendation routed through the OHCSF or Board."
10,ch2-s08-p01,8,1,2,PSR Chapter 2 Section 8 - Part 1,Chapter 2 Section 8 - Part 1,"Public Service Rules Chapter 2 practice quiz. Section 8, Part 1 of 2.",2-36,35,35,17,Chapter2_Section8.xlsx,Chapter2_Section8,18,Chapter 2 Section 8,20802,"Under Rule 020802(f), all promotion is subject to minimum requirements and what else?",The Officer’s private request,The Staff Union’s endorsement,Automatic appointment,Availability of vacancies,D,Availability of vacancies,1,"Correct. Under PSR Rule 020802(f), all promotion is subject to satisfying minimum requirements declared by the FCSC or Board and to availability of vacancies."
10,ch2-s08-p01,8,1,2,PSR Chapter 2 Section 8 - Part 1,Chapter 2 Section 8 - Part 1,"Public Service Rules Chapter 2 practice quiz. Section 8, Part 1 of 2.",2-36,35,35,18,Chapter2_Section8.xlsx,Chapter2_Section8,19,Chapter 2 Section 8,20802,"Before enlisting Officers for promotion examination, Heads of MDAs must submit their approved establishment for the year to whom?",The Officer’s union branch,The Office of the Head of the Civil Service of the Federation,The nearest training school,The Federal Ministry of Health,B,The Office of the Head of the Civil Service of the Federation,1,"Correct. Under PSR Rule 020802(g), Heads of MDAs must submit their approved establishment for the year to the OHCSF before enlisting Officers for promotion examination."
10,ch2-s08-p01,8,1,2,PSR Chapter 2 Section 8 - Part 1,Chapter 2 Section 8 - Part 1,"Public Service Rules Chapter 2 practice quiz. Section 8, Part 1 of 2.",2-36,35,35,19,Chapter2_Section8.xlsx,Chapter2_Section8,20,Chapter 2 Section 8,20802,Why must Heads of MDAs submit their approved establishment before promotion examination under Rule 020802(g)?,To determine annual leave balances,To replace performance appraisal,To ensure promotion falls in line with existing vacancies,To avoid using the Schemes of Service,C,To ensure promotion falls in line with existing vacancies,1,"Correct. Under PSR Rule 020802(g), approved establishment is submitted before promotion examination to ensure that promotion falls in line with existing vacancies."
10,ch2-s08-p01,8,1,2,PSR Chapter 2 Section 8 - Part 1,Chapter 2 Section 8 - Part 1,"Public Service Rules Chapter 2 practice quiz. Section 8, Part 1 of 2.",2-36,35,35,20,Chapter2_Section8.xlsx,Chapter2_Section8,21,Chapter 2 Section 8,20802,Which statement correctly reflects eligibility under Rule 020802(b)?,All Officers in the field of selection are considered except those under disciplinary action,Only Officers under disciplinary action are considered,Only Officers on leave are considered,Only contract Officers are considered,A,All Officers in the field of selection are considered except those under disciplinary action,1,Correct. PSR Rule 020802(b) provides that all Officers in the field of selection shall be considered except those under disciplinary action.
10,ch2-s08-p01,8,1,2,PSR Chapter 2 Section 8 - Part 1,Chapter 2 Section 8 - Part 1,"Public Service Rules Chapter 2 practice quiz. Section 8, Part 1 of 2.",2-36,35,35,21,Chapter2_Section8.xlsx,Chapter2_Section8,22,Chapter 2 Section 8,20803,"Before each promotion exercise, what must the appropriate Office compile under Rule 020803?",A list of all eligible candidates to be considered,A list of all retired Officers only,A list of disciplinary cases only,A list of private contractors,A,A list of all eligible candidates to be considered,1,"Correct. Under PSR Rule 020803, before each promotion exercise, the appropriate Office shall compile a list of all eligible candidates to be considered."
10,ch2-s08-p01,8,1,2,PSR Chapter 2 Section 8 - Part 1,Chapter 2 Section 8 - Part 1,"Public Service Rules Chapter 2 practice quiz. Section 8, Part 1 of 2.",2-36,35,35,22,Chapter2_Section8.xlsx,Chapter2_Section8,23,Chapter 2 Section 8,20803,The list of eligible candidates under Rule 020803 is prepared on what basis?,The Officer’s family background,The Staff Union register,Job requirements or criteria established for the post,The Officer’s place of residence,C,Job requirements or criteria established for the post,1,"Correct. Under PSR Rule 020803, the list is prepared on the basis of job requirements or set criteria established for the post."
10,ch2-s08-p01,8,1,2,PSR Chapter 2 Section 8 - Part 1,Chapter 2 Section 8 - Part 1,"Public Service Rules Chapter 2 practice quiz. Section 8, Part 1 of 2.",2-36,35,35,23,Chapter2_Section8.xlsx,Chapter2_Section8,24,Chapter 2 Section 8,20803,Who establishes the job requirements or criteria for the post under Rule 020803?,The Officer’s colleague,The Staff Union,The Pension Fund Administrator,The Office of the Head of the Civil Service of the Federation,D,The Office of the Head of the Civil Service of the Federation,1,"Correct. Under PSR Rule 020803, the job requirements or criteria for the post are established by the Office of the Head of the Civil Service of the Federation."
10,ch2-s08-p01,8,1,2,PSR Chapter 2 Section 8 - Part 1,Chapter 2 Section 8 - Part 1,"Public Service Rules Chapter 2 practice quiz. Section 8, Part 1 of 2.",2-36,35,35,24,Chapter2_Section8.xlsx,Chapter2_Section8,25,Chapter 2 Section 8,20803,Which of the following is listed as an example of criteria under Rule 020803?,"Qualification, experience, age, training and performance",Marital status only,Personal friendship only,Private business interest,A,"Qualification, experience, age, training and performance",1,"Correct. Under PSR Rule 020803, examples of criteria include qualification, experience, age, training and performance as contained in the Schemes of Service."
10,ch2-s08-p01,8,1,2,PSR Chapter 2 Section 8 - Part 1,Chapter 2 Section 8 - Part 1,"Public Service Rules Chapter 2 practice quiz. Section 8, Part 1 of 2.",2-36,35,35,25,Chapter2_Section8.xlsx,Chapter2_Section8,26,Chapter 2 Section 8,20803,The promotion criteria under Rule 020803 must be as contained in what document?,The Officer’s private diary,The Schemes of Service,A newspaper publication,A Staff Union register,B,The Schemes of Service,1,"Correct. Under PSR Rule 020803, the criteria for promotion are those contained in the Schemes of Service."
10,ch2-s08-p01,8,1,2,PSR Chapter 2 Section 8 - Part 1,Chapter 2 Section 8 - Part 1,"Public Service Rules Chapter 2 practice quiz. Section 8, Part 1 of 2.",2-36,35,35,26,Chapter2_Section8.xlsx,Chapter2_Section8,27,Chapter 2 Section 8,20803,What type of training is required for career progression under Rule 020803(a)?,Unstructured private coaching only,No training is required,Structured and sustained training,Only political orientation,C,Structured and sustained training,1,"Correct. Under PSR Rule 020803(a), there shall be structured and sustained training for career progression in the Service."
10,ch2-s08-p01,8,1,2,PSR Chapter 2 Section 8 - Part 1,Chapter 2 Section 8 - Part 1,"Public Service Rules Chapter 2 practice quiz. Section 8, Part 1 of 2.",2-36,35,35,27,Chapter2_Section8.xlsx,Chapter2_Section8,28,Chapter 2 Section 8,20803,Structured and sustained training under Rule 020803 includes what?,Compulsory annual leave only,Private social activities only,Disciplinary suspension,Continuous professional training and development,D,Continuous professional training and development,1,"Correct. Under PSR Rule 020803(a), structured and sustained training includes continuous professional training and development."
10,ch2-s08-p01,8,1,2,PSR Chapter 2 Section 8 - Part 1,Chapter 2 Section 8 - Part 1,"Public Service Rules Chapter 2 practice quiz. Section 8, Part 1 of 2.",2-36,35,35,28,Chapter2_Section8.xlsx,Chapter2_Section8,29,Chapter 2 Section 8,20803,Officers qualify for promotion to a higher grade after acquiring what under Rule 020803(b)?,Political endorsement only,Skill and competence provided in the Schemes of Service for the cadre,Only seniority without competence,Only a request letter,B,Skill and competence provided in the Schemes of Service for the cadre,1,"Correct. Under PSR Rule 020803(b), Officers qualify for promotion after acquiring the skill and competence provided in the Schemes of Service for the particular cadre."
10,ch2-s08-p01,8,1,2,PSR Chapter 2 Section 8 - Part 1,Chapter 2 Section 8 - Part 1,"Public Service Rules Chapter 2 practice quiz. Section 8, Part 1 of 2.",2-36,35,35,29,Chapter2_Section8.xlsx,Chapter2_Section8,30,Chapter 2 Section 8,20803,"Under Rule 020803, who compiles the list of eligible candidates before promotion exercise?",The appropriate Office,The Officer’s family,The Staff Union Chairman,A private consultant,A,The appropriate Office,1,"Correct. Under PSR Rule 020803, the appropriate Office compiles the list of all eligible candidates before each promotion exercise."
10,ch2-s08-p01,8,1,2,PSR Chapter 2 Section 8 - Part 1,Chapter 2 Section 8 - Part 1,"Public Service Rules Chapter 2 practice quiz. Section 8, Part 1 of 2.",2-36,35,35,30,Chapter2_Section8.xlsx,Chapter2_Section8,31,Chapter 2 Section 8,20804,"Under Rule 020804, who interviews and considers Officers holding junior appointments for promotion from junior to senior post?",The Officer’s family,The Staff Union,The Pension Fund Administrator,The appropriate committee,D,The appropriate committee,1,"Correct. Under PSR Rule 020804, the appropriate committee meets to interview and consider Officers holding junior appointments who may be recommended for promotion."
10,ch2-s08-p01,8,1,2,PSR Chapter 2 Section 8 - Part 1,Chapter 2 Section 8 - Part 1,"Public Service Rules Chapter 2 practice quiz. Section 8, Part 1 of 2.",2-36,35,35,31,Chapter2_Section8.xlsx,Chapter2_Section8,32,Chapter 2 Section 8,20804,Officers holding junior appointments may be recommended to which body under Rule 020804?,The Federal Civil Service Commission,The Staff Union Secretariat,The Officer’s private employer,The National Pension Commission,A,The Federal Civil Service Commission,1,"Correct. Under PSR Rule 020804, Officers holding junior appointments may be recommended to the Federal Civil Service Commission."
10,ch2-s08-p01,8,1,2,PSR Chapter 2 Section 8 - Part 1,Chapter 2 Section 8 - Part 1,"Public Service Rules Chapter 2 practice quiz. Section 8, Part 1 of 2.",2-36,35,35,32,Chapter2_Section8.xlsx,Chapter2_Section8,33,Chapter 2 Section 8,20804,What does the Federal Civil Service Commission do after receiving recommendations under Rule 020804?,It automatically rejects all junior Officers,It sends them for annual leave only,It examines suitability and offers promotion to existing vacancies,It refers them to private employers,C,It examines suitability and offers promotion to existing vacancies,1,"Correct. Under PSR Rule 020804, the Federal Civil Service Commission examines the suitability of recommended Officers and offers them promotion to existing vacancies."
10,ch2-s08-p01,8,1,2,PSR Chapter 2 Section 8 - Part 1,Chapter 2 Section 8 - Part 1,"Public Service Rules Chapter 2 practice quiz. Section 8, Part 1 of 2.",2-36,35,35,33,Chapter2_Section8.xlsx,Chapter2_Section8,34,Chapter 2 Section 8,20805,"Under Rule 020805, vacancies on GL. 06 and below are filled by Permanent Secretaries or Heads of Extra-Ministerial Offices on whose recommendation?",The Minister’s driver,The Junior Staff Committee,The Officer’s family,The Staff Union only,B,The Junior Staff Committee,1,"Correct. Under PSR Rule 020805, Permanent Secretaries and Heads of Extra-Ministerial Offices fill vacancies on GL. 06 and below on the recommendation of the Junior Staff Committee."
10,ch2-s08-p01,8,1,2,PSR Chapter 2 Section 8 - Part 1,Chapter 2 Section 8 - Part 1,"Public Service Rules Chapter 2 practice quiz. Section 8, Part 1 of 2.",2-36,35,35,34,Chapter2_Section8.xlsx,Chapter2_Section8,35,Chapter 2 Section 8,20805,Rule 020805 applies to vacancies on which grade level range?,GL. 15–17 only,GL. 07–14 only,Permanent Secretary posts only,GL. 06 and below,D,GL. 06 and below,1,"Correct. Under PSR Rule 020805, vacancies on posts on GL. 06 and below are filled on the recommendation of the Junior Staff Committee."
10,ch2-s08-p01,8,1,2,PSR Chapter 2 Section 8 - Part 1,Chapter 2 Section 8 - Part 1,"Public Service Rules Chapter 2 practice quiz. Section 8, Part 1 of 2.",2-36,35,35,35,Chapter2_Section8.xlsx,Chapter2_Section8,36,Chapter 2 Section 8,20805,Which committee recommends the filling of vacancies from one junior post to another under Rule 020805?,Junior Staff Committee,Senior Staff Committee,Medical Board,Procurement Planning Committee,A,Junior Staff Committee,1,"Correct. Under PSR Rule 020805, vacancies on GL. 06 and below are filled on the recommendation of the Junior Staff Committee."
11,ch2-s08-p02,8,2,2,PSR Chapter 2 Section 8 - Part 2,Chapter 2 Section 8 - Part 2,"Public Service Rules Chapter 2 practice quiz. Section 8, Part 2 of 2.",37-70,34,34,1,Chapter2_Section8.xlsx,Chapter2_Section8,37,Chapter 2 Section 8,20806,"Under Rule 020806, what is the effective date of all promotions?",The date the Officer submits an application,The date of the interview only,1st January of the year for which the promotion exercise was conducted or as determined by the FCSC,The Officer’s birthday,C,1st January of the year for which the promotion exercise was conducted or as determined by the FCSC,1,"Correct. Under PSR Rule 020806, the effective date of all promotions is 1st January of the year for which the promotion exercise was conducted or as may be determined by the Federal Civil Service Commission."
11,ch2-s08-p02,8,2,2,PSR Chapter 2 Section 8 - Part 2,Chapter 2 Section 8 - Part 2,"Public Service Rules Chapter 2 practice quiz. Section 8, Part 2 of 2.",37-70,34,34,2,Chapter2_Section8.xlsx,Chapter2_Section8,38,Chapter 2 Section 8,20806,Who may determine an effective date different from 1st January under Rule 020806?,The Federal Civil Service Commission,The Officer’s supervisor,The Staff Union,The Pension Fund Administrator,A,The Federal Civil Service Commission,1,"Correct. Under PSR Rule 020806, the effective date is 1st January of the promotion exercise year or as may be determined by the Federal Civil Service Commission."
11,ch2-s08-p02,8,2,2,PSR Chapter 2 Section 8 - Part 2,Chapter 2 Section 8 - Part 2,"Public Service Rules Chapter 2 practice quiz. Section 8, Part 2 of 2.",37-70,34,34,3,Chapter2_Section8.xlsx,Chapter2_Section8,39,Chapter 2 Section 8,20806,Which statement correctly reflects Rule 020806?,Promotion takes effect only on the Officer’s birthday,Promotion takes effect on 1st January of the relevant promotion exercise year or as determined by the FCSC,Promotion takes effect only after retirement,Promotion takes effect whenever the Officer chooses,B,Promotion takes effect on 1st January of the relevant promotion exercise year or as determined by the FCSC,1,Correct. PSR Rule 020806 provides that the effective date of all promotions shall be 1st January of the year for which the promotion exercise was conducted or as determined by the FCSC.
11,ch2-s08-p02,8,2,2,PSR Chapter 2 Section 8 - Part 2,Chapter 2 Section 8 - Part 2,"Public Service Rules Chapter 2 practice quiz. Section 8, Part 2 of 2.",37-70,34,34,4,Chapter2_Section8.xlsx,Chapter2_Section8,40,Chapter 2 Section 8,20807,"Under Rule 020807, Officers on approved leave of absence, secondment, approved study leave or special assignment shall sit for promotion interviews or examinations where?",Only at their original headquarters,Only abroad,Only after returning from the assignment,At designated centres nearest to them,D,At designated centres nearest to them,1,"Correct. Under PSR Rule 020807, such Officers shall sit for promotion interviews or examinations at designated centres nearest to them."
11,ch2-s08-p02,8,2,2,PSR Chapter 2 Section 8 - Part 2,Chapter 2 Section 8 - Part 2,"Public Service Rules Chapter 2 practice quiz. Section 8, Part 2 of 2.",37-70,34,34,5,Chapter2_Section8.xlsx,Chapter2_Section8,41,Chapter 2 Section 8,20807,Which category of Officers is covered by Rule 020807?,"Officers on approved leave of absence, secondment, approved study leave or special assignment",Only Officers under disciplinary action,Only dismissed Officers,Only contract Officers,A,"Officers on approved leave of absence, secondment, approved study leave or special assignment",1,"Correct. PSR Rule 020807 covers Officers on approved leave of absence, secondment, approved study leave or special assignment."
11,ch2-s08-p02,8,2,2,PSR Chapter 2 Section 8 - Part 2,Chapter 2 Section 8 - Part 2,"Public Service Rules Chapter 2 practice quiz. Section 8, Part 2 of 2.",37-70,34,34,6,Chapter2_Section8.xlsx,Chapter2_Section8,42,Chapter 2 Section 8,20807,What does Rule 020807 require of eligible Officers on approved absence or assignment?,They are automatically exempted from promotion examination,They must resign before promotion,They shall sit for promotion interviews or examinations at designated centres nearest to them,They may be promoted without any process,C,They shall sit for promotion interviews or examinations at designated centres nearest to them,1,"Correct. Under PSR Rule 020807, Officers on approved leave of absence, secondment, approved study leave or special assignment shall sit for promotion interviews or examinations at designated centres nearest to them."
11,ch2-s08-p02,8,2,2,PSR Chapter 2 Section 8 - Part 2,Chapter 2 Section 8 - Part 2,"Public Service Rules Chapter 2 practice quiz. Section 8, Part 2 of 2.",37-70,34,34,7,Chapter2_Section8.xlsx,Chapter2_Section8,43,Chapter 2 Section 8,20808,"Under Rule 020808, a newly recruited Officer who has spent how long may sit for compulsory confirmation examination?",Six months and above,One week only,Three years only,Ten years,A,Six months and above,1,"Correct. Under PSR Rule 020808, a newly recruited Officer who has spent six months and above shall be allowed to sit for compulsory examination for confirmation in the Service."
11,ch2-s08-p02,8,2,2,PSR Chapter 2 Section 8 - Part 2,Chapter 2 Section 8 - Part 2,"Public Service Rules Chapter 2 practice quiz. Section 8, Part 2 of 2.",37-70,34,34,8,Chapter2_Section8.xlsx,Chapter2_Section8,44,Chapter 2 Section 8,20808,The compulsory confirmation examination under Rule 020808 is allowed pending completion of what period?,Three months of casual leave,One year of acting appointment,Four years of secondment,Probationary period of two years,D,Probationary period of two years,1,"Correct. Under PSR Rule 020808, the Officer may sit for the examination pending completion of the probationary period of two years in the Service."
11,ch2-s08-p02,8,2,2,PSR Chapter 2 Section 8 - Part 2,Chapter 2 Section 8 - Part 2,"Public Service Rules Chapter 2 practice quiz. Section 8, Part 2 of 2.",37-70,34,34,9,Chapter2_Section8.xlsx,Chapter2_Section8,45,Chapter 2 Section 8,20808,What examination may a newly recruited Officer sit for after six months and above under Rule 020808?,Promotion interview only,Compulsory examination for confirmation,Medical Board examination only,Procurement examination only,B,Compulsory examination for confirmation,1,"Correct. Under PSR Rule 020808, a newly recruited Officer who has spent six months and above may sit for compulsory examination for confirmation in the Service."
11,ch2-s08-p02,8,2,2,PSR Chapter 2 Section 8 - Part 2,Chapter 2 Section 8 - Part 2,"Public Service Rules Chapter 2 practice quiz. Section 8, Part 2 of 2.",37-70,34,34,10,Chapter2_Section8.xlsx,Chapter2_Section8,46,Chapter 2 Section 8,20809,"Under Rule 020809, may a contract Officer be considered for promotion?","Yes, automatically every year","Yes, after six months only","No, a contract Officer shall not be considered for promotion","Yes, if the Staff Union recommends him",C,"No, a contract Officer shall not be considered for promotion",1,"Correct. Under PSR Rule 020809, no contract Officer shall be considered for promotion."
11,ch2-s08-p02,8,2,2,PSR Chapter 2 Section 8 - Part 2,Chapter 2 Section 8 - Part 2,"Public Service Rules Chapter 2 practice quiz. Section 8, Part 2 of 2.",37-70,34,34,11,Chapter2_Section8.xlsx,Chapter2_Section8,47,Chapter 2 Section 8,20809,"Although a contract Officer is not considered for promotion, what may he be considered for under Rule 020809?",Automatic pensionable appointment,Compulsory retirement,Annual leave only,Enhanced appointment during re-negotiation of his contract,D,Enhanced appointment during re-negotiation of his contract,1,"Correct. Under PSR Rule 020809, a contract Officer may be considered for enhanced appointment during the re-negotiation of his contract."
11,ch2-s08-p02,8,2,2,PSR Chapter 2 Section 8 - Part 2,Chapter 2 Section 8 - Part 2,"Public Service Rules Chapter 2 practice quiz. Section 8, Part 2 of 2.",37-70,34,34,12,Chapter2_Section8.xlsx,Chapter2_Section8,48,Chapter 2 Section 8,20809,Which statement correctly reflects Rule 020809?,"A contract Officer may be considered for enhanced appointment during contract re-negotiation, but not promotion",A contract Officer must be promoted annually,A contract Officer is automatically converted to Permanent Secretary,A contract Officer cannot have contract terms reviewed,A,"A contract Officer may be considered for enhanced appointment during contract re-negotiation, but not promotion",1,"Correct. PSR Rule 020809 provides that no contract Officer shall be considered for promotion, but he may be considered for enhanced appointment during re-negotiation of his contract."
11,ch2-s08-p02,8,2,2,PSR Chapter 2 Section 8 - Part 2,Chapter 2 Section 8 - Part 2,"Public Service Rules Chapter 2 practice quiz. Section 8, Part 2 of 2.",37-70,34,34,13,Chapter2_Section8.xlsx,Chapter2_Section8,49,Chapter 2 Section 8,20810,"Under Rule 020810, promotion of junior and senior Officers in Federal Government Parastatals or Agencies is invalid without whose representatives?",The Staff Union and Pension Fund Administrator,Human Resource Management of the supervising Ministry and OHCSF,The Officer’s family and private employer,The Accountant-General and Auditor-General,B,Human Resource Management of the supervising Ministry and OHCSF,1,"Correct. Under PSR Rule 020810, promotion of junior and senior Officers in Federal Government Parastatals or Agencies is invalid without representatives of the Human Resource Management of the supervising Ministry and OHCSF."
11,ch2-s08-p02,8,2,2,PSR Chapter 2 Section 8 - Part 2,Chapter 2 Section 8 - Part 2,"Public Service Rules Chapter 2 practice quiz. Section 8, Part 2 of 2.",37-70,34,34,14,Chapter2_Section8.xlsx,Chapter2_Section8,50,Chapter 2 Section 8,20810,Rule 020810 applies to promotion of which Officers in Federal Government Parastatals or Agencies?,Only retired Officers,Only contract staff,Only Permanent Secretaries,Junior and senior Officers,D,Junior and senior Officers,1,"Correct. Under PSR Rule 020810, the rule applies to promotion of both junior and senior Officers in Federal Government Parastatals or Agencies."
11,ch2-s08-p02,8,2,2,PSR Chapter 2 Section 8 - Part 2,Chapter 2 Section 8 - Part 2,"Public Service Rules Chapter 2 practice quiz. Section 8, Part 2 of 2.",37-70,34,34,15,Chapter2_Section8.xlsx,Chapter2_Section8,51,Chapter 2 Section 8,20810,Promotion under Rule 020810 concerns which type of organization?,Federal Government Parastatals or Agencies,Private family businesses,Foreign embassies only,Staff Union branches,A,Federal Government Parastatals or Agencies,1,"Correct. Under PSR Rule 020810, the validity requirement applies to promotion in Federal Government Parastatals or Agencies."
11,ch2-s08-p02,8,2,2,PSR Chapter 2 Section 8 - Part 2,Chapter 2 Section 8 - Part 2,"Public Service Rules Chapter 2 practice quiz. Section 8, Part 2 of 2.",37-70,34,34,16,Chapter2_Section8.xlsx,Chapter2_Section8,52,Chapter 2 Section 8,20810,Which statement correctly reflects Rule 020810?,Promotion in Federal Government Parastatals or Agencies is deemed invalid without HRM representatives of the supervising Ministry and OHCSF,Promotion in Parastatals is valid without any representative,Only the Officer’s family validates promotion,Promotion in Parastatals is not covered by the PSR,A,Promotion in Federal Government Parastatals or Agencies is deemed invalid without HRM representatives of the supervising Ministry and OHCSF,1,Correct. PSR Rule 020810 states that promotion of junior and senior Officers in Federal Government Parastatals or Agencies is invalid without representatives of the HRM of the supervising Ministry and OHCSF.
11,ch2-s08-p02,8,2,2,PSR Chapter 2 Section 8 - Part 2,Chapter 2 Section 8 - Part 2,"Public Service Rules Chapter 2 practice quiz. Section 8, Part 2 of 2.",37-70,34,34,17,Chapter2_Section8.xlsx,Chapter2_Section8,53,Chapter 2 Section 8,20811,"To be eligible for the Permanent Secretary appointment process, a candidate must be what grade and stream under Rule 020811(a)?",GL. 06 Officer in a junior cadre,GL. 12 Officer in any agency,Director on GL. 17 in the mainstream of the Federal Civil Service,Contract Officer on special appointment,C,Director on GL. 17 in the mainstream of the Federal Civil Service,1,"Correct. Under PSR Rule 020811(a), the candidate must be a Director on GL. 17 and in the mainstream of the Federal Civil Service."
11,ch2-s08-p02,8,2,2,PSR Chapter 2 Section 8 - Part 2,Chapter 2 Section 8 - Part 2,"Public Service Rules Chapter 2 practice quiz. Section 8, Part 2 of 2.",37-70,34,34,18,Chapter2_Section8.xlsx,Chapter2_Section8,54,Chapter 2 Section 8,20811,"Under Rule 020811(b), the candidate must be verified on IPPIS as having what status?",Unconfirmed trainee status,Confirmed staff of the Federal Government of Nigeria,Retired consultant status,Private-sector employee status,B,Confirmed staff of the Federal Government of Nigeria,1,"Correct. Under PSR Rule 020811(b), the candidate must have been verified on the IPPIS portal or platform as confirmed staff of the Federal Government of Nigeria."
11,ch2-s08-p02,8,2,2,PSR Chapter 2 Section 8 - Part 2,Chapter 2 Section 8 - Part 2,"Public Service Rules Chapter 2 practice quiz. Section 8, Part 2 of 2.",37-70,34,34,19,Chapter2_Section8.xlsx,Chapter2_Section8,55,Chapter 2 Section 8,20811,How long must a candidate have been on the post of Director to qualify under Rule 020811(c)?,At least two years,At least six months,At least ten years,At least one month,A,At least two years,1,"Correct. Under PSR Rule 020811(c), a candidate must be at least two years on the post of Director."
11,ch2-s08-p02,8,2,2,PSR Chapter 2 Section 8 - Part 2,Chapter 2 Section 8 - Part 2,"Public Service Rules Chapter 2 practice quiz. Section 8, Part 2 of 2.",37-70,34,34,20,Chapter2_Section8.xlsx,Chapter2_Section8,56,Chapter 2 Section 8,20811,"Under Rule 020811(d), which retirement condition affects eligibility for the Permanent Secretary appointment process?",The candidate must be retiring immediately,The candidate must have already retired,The candidate must be on terminal leave,The candidate must not be retiring on or before 31st December of the following year,D,The candidate must not be retiring on or before 31st December of the following year,1,"Correct. Under PSR Rule 020811(d), the candidate must not be retiring on or before 31st December of the following year."
11,ch2-s08-p02,8,2,2,PSR Chapter 2 Section 8 - Part 2,Chapter 2 Section 8 - Part 2,"Public Service Rules Chapter 2 practice quiz. Section 8, Part 2 of 2.",37-70,34,34,21,Chapter2_Section8.xlsx,Chapter2_Section8,57,Chapter 2 Section 8,20811,What proof must a candidate provide under Rule 020811(e)?,Proof of annual leave,Proof of indigeneship of the State where vacancy exists,Proof of private employment,Proof of membership of a Staff Union,B,Proof of indigeneship of the State where vacancy exists,1,"Correct. Under PSR Rule 020811(e), the candidate must provide proof of indigeneship of the State where the vacancy exists."
11,ch2-s08-p02,8,2,2,PSR Chapter 2 Section 8 - Part 2,Chapter 2 Section 8 - Part 2,"Public Service Rules Chapter 2 practice quiz. Section 8, Part 2 of 2.",37-70,34,34,22,Chapter2_Section8.xlsx,Chapter2_Section8,58,Chapter 2 Section 8,20811,"For a female Civil Servant, indigeneship of a State under Rule 020811(f) must not be by what?",Birth,Residence,Marriage,Posting,C,Marriage,1,"Correct. Under PSR Rule 020811(f), indigeneship of a State must not be by marriage in the case of a female Civil Servant."
11,ch2-s08-p02,8,2,2,PSR Chapter 2 Section 8 - Part 2,Chapter 2 Section 8 - Part 2,"Public Service Rules Chapter 2 practice quiz. Section 8, Part 2 of 2.",37-70,34,34,23,Chapter2_Section8.xlsx,Chapter2_Section8,59,Chapter 2 Section 8,20811,Which disciplinary condition applies under Rule 020811(g)?,The candidate must not have a pending disciplinary action,The candidate must be under disciplinary action,The candidate must have been dismissed before,The candidate must have refused promotion examination,A,The candidate must not have a pending disciplinary action,1,"Correct. Under PSR Rule 020811(g), the candidate must not have a pending disciplinary action against him."
11,ch2-s08-p02,8,2,2,PSR Chapter 2 Section 8 - Part 2,Chapter 2 Section 8 - Part 2,"Public Service Rules Chapter 2 practice quiz. Section 8, Part 2 of 2.",37-70,34,34,24,Chapter2_Section8.xlsx,Chapter2_Section8,60,Chapter 2 Section 8,20811,Which option best lists key eligibility criteria for Permanent Secretary appointment under Rule 020811?,"Contract status, private employment and annual leave","Union office, overseas posting and medical leave","Junior post, unpaid appointment and acting allowance","GL. 17 Director in mainstream Federal Civil Service, confirmed on IPPIS, two years as Director, required indigeneship, and no pending disciplinary action",D,"GL. 17 Director in mainstream Federal Civil Service, confirmed on IPPIS, two years as Director, required indigeneship, and no pending disciplinary action",1,"Correct. Under PSR Rule 020811, eligibility includes being a GL. 17 Director in the mainstream Federal Civil Service, IPPIS-confirmed, at least two years as Director, proof of indigeneship where vacancy exists, and no pending disciplinary action."
11,ch2-s08-p02,8,2,2,PSR Chapter 2 Section 8 - Part 2,Chapter 2 Section 8 - Part 2,"Public Service Rules Chapter 2 practice quiz. Section 8, Part 2 of 2.",37-70,34,34,25,Chapter2_Section8.xlsx,Chapter2_Section8,61,Chapter 2 Section 8,20811,Rule 020811 sets eligibility criteria for participation in what process?,Appointment process of Permanent Secretaries,Annual leave approval process,Medical treatment abroad process,Contract termination process,A,Appointment process of Permanent Secretaries,1,Correct. PSR Rule 020811 sets the eligibility criteria for participating in the appointment process of Permanent Secretaries in the Federal Civil Service.
11,ch2-s08-p02,8,2,2,PSR Chapter 2 Section 8 - Part 2,Chapter 2 Section 8 - Part 2,"Public Service Rules Chapter 2 practice quiz. Section 8, Part 2 of 2.",37-70,34,34,26,Chapter2_Section8.xlsx,Chapter2_Section8,62,Chapter 2 Section 8,20811,"Under Rule 020811, the candidate for Permanent Secretary must be a Director in which Service?",The mainstream of the Federal Civil Service,The private sector only,A State-owned enterprise only,A foreign mission only,A,The mainstream of the Federal Civil Service,1,"Correct. Under PSR Rule 020811(a), the candidate must be a Director on GL. 17 in the mainstream of the Federal Civil Service."
11,ch2-s08-p02,8,2,2,PSR Chapter 2 Section 8 - Part 2,Chapter 2 Section 8 - Part 2,"Public Service Rules Chapter 2 practice quiz. Section 8, Part 2 of 2.",37-70,34,34,27,Chapter2_Section8.xlsx,Chapter2_Section8,63,Chapter 2 Section 8,20812,"Under Rule 020812, selection for Permanent Secretary shall be through what type of process?",Private nomination only,Automatic seniority only,Competitive examination process,Staff Union voting,C,Competitive examination process,1,"Correct. Under PSR Rule 020812, selection shall be through a competitive examination process."
11,ch2-s08-p02,8,2,2,PSR Chapter 2 Section 8 - Part 2,Chapter 2 Section 8 - Part 2,"Public Service Rules Chapter 2 practice quiz. Section 8, Part 2 of 2.",37-70,34,34,28,Chapter2_Section8.xlsx,Chapter2_Section8,64,Chapter 2 Section 8,20812,Which assessment is specifically included in the selection process under Rule 020812?,Written examination,Medical Board hearing only,Annual leave interview only,Retirement clearance only,A,Written examination,1,"Correct. Under PSR Rule 020812, the competitive examination process includes written examination."
11,ch2-s08-p02,8,2,2,PSR Chapter 2 Section 8 - Part 2,Chapter 2 Section 8 - Part 2,"Public Service Rules Chapter 2 practice quiz. Section 8, Part 2 of 2.",37-70,34,34,29,Chapter2_Section8.xlsx,Chapter2_Section8,65,Chapter 2 Section 8,20812,Rule 020812 includes a test of what proficiency?,Driving proficiency,ICT proficiency,Sports proficiency,Accounting payment proficiency,B,ICT proficiency,1,"Correct. Under PSR Rule 020812, the competitive examination process includes a test of ICT proficiency."
11,ch2-s08-p02,8,2,2,PSR Chapter 2 Section 8 - Part 2,Chapter 2 Section 8 - Part 2,"Public Service Rules Chapter 2 practice quiz. Section 8, Part 2 of 2.",37-70,34,34,30,Chapter2_Section8.xlsx,Chapter2_Section8,66,Chapter 2 Section 8,20812,Which of the following is included in the selection process under Rule 020812?,Private family interview only,Staff Union endorsement only,Automatic appointment without assessment,Oral interview,D,Oral interview,1,"Correct. Under PSR Rule 020812, the competitive examination process includes oral interview."
11,ch2-s08-p02,8,2,2,PSR Chapter 2 Section 8 - Part 2,Chapter 2 Section 8 - Part 2,"Public Service Rules Chapter 2 practice quiz. Section 8, Part 2 of 2.",37-70,34,34,31,Chapter2_Section8.xlsx,Chapter2_Section8,67,Chapter 2 Section 8,20812,Which statement best reflects the phrase “including but not limited to” in Rule 020812?,"The process may include written examination, ICT proficiency test, oral interview and other relevant assessments",The process is limited to Staff Union approval,The process excludes written examination,The process is only a medical check,A,"The process may include written examination, ICT proficiency test, oral interview and other relevant assessments",1,"Correct. Under PSR Rule 020812, selection is through a competitive examination process including but not limited to written examination, test of ICT proficiency and oral interview."
11,ch2-s08-p02,8,2,2,PSR Chapter 2 Section 8 - Part 2,Chapter 2 Section 8 - Part 2,"Public Service Rules Chapter 2 practice quiz. Section 8, Part 2 of 2.",37-70,34,34,32,Chapter2_Section8.xlsx,Chapter2_Section8,68,Chapter 2 Section 8,20813,"Under Rule 020813, resource persons may come from which sources?",Only the Officer’s family,Only foreign missions,Civil or Public Service and private institutions,Only the Staff Union,C,Civil or Public Service and private institutions,1,"Correct. Under PSR Rule 020813, resource persons from the Civil or Public Service and private institutions may be involved in the selection process."
11,ch2-s08-p02,8,2,2,PSR Chapter 2 Section 8 - Part 2,Chapter 2 Section 8 - Part 2,"Public Service Rules Chapter 2 practice quiz. Section 8, Part 2 of 2.",37-70,34,34,33,Chapter2_Section8.xlsx,Chapter2_Section8,69,Chapter 2 Section 8,20813,Resource persons under Rule 020813 may be involved in what?,The selection process,The Officer’s annual leave only,Burial expense approval,Medical insurance claims,A,The selection process,1,"Correct. Under PSR Rule 020813, resource persons from the Civil or Public Service and private institutions may be involved in the selection process."
11,ch2-s08-p02,8,2,2,PSR Chapter 2 Section 8 - Part 2,Chapter 2 Section 8 - Part 2,"Public Service Rules Chapter 2 practice quiz. Section 8, Part 2 of 2.",37-70,34,34,34,Chapter2_Section8.xlsx,Chapter2_Section8,70,Chapter 2 Section 8,020801-020813,"Which statement best summarises Chapter 2, Section 8 of the PSR?",It deals only with annual leave and maternity leave,It regulates medical treatment and burial expenses only,It applies only to disciplinary dismissal,"It regulates promotion authority, eligibility, merit criteria, promotion procedures, effective date, approved-absence examination arrangements, contract Officers, parastatal promotion validity and Permanent Secretary selection criteria",D,"It regulates promotion authority, eligibility, merit criteria, promotion procedures, effective date, approved-absence examination arrangements, contract Officers, parastatal promotion validity and Permanent Secretary selection criteria",1,"Correct. PSR Chapter 2, Section 8, Rules 020801 to 020813 cover promotion authority, eligibility, merit criteria, procedure, promotion from junior to senior posts, effective date, Officers on approved absence, contract Officers, parastatal promotion validity and Permanent Secretary selection criteria."
12,ch2-s09-p01,9,1,2,PSR Chapter 2 Section 9 - Part 1,Chapter 2 Section 9 - Part 1,"Public Service Rules Chapter 2 practice quiz. Section 9, Part 1 of 2.",2-29,28,28,1,Chapter2_Section9.xlsx,Chapter2_Section9,2,Chapter 2 Section 9,20901,"Under Rule 020901, when may the appointment of an Officer on probation be terminated?",Only after thirty-five years of service,When the appointing authority is satisfied that the Officer is not qualified for efficient service,Only when the Officer applies for annual leave,Only after promotion examination,B,When the appointing authority is satisfied that the Officer is not qualified for efficient service,1,"Correct. Under PSR Rule 020901, if within the probationary period the appointing authority is satisfied that an Officer is not qualified for efficient service, the appointment may be terminated."
12,ch2-s09-p01,9,1,2,PSR Chapter 2 Section 9 - Part 1,Chapter 2 Section 9 - Part 1,"Public Service Rules Chapter 2 practice quiz. Section 9, Part 1 of 2.",2-29,28,28,2,Chapter2_Section9.xlsx,Chapter2_Section9,3,Chapter 2 Section 9,20901,Who may terminate the appointment of an Officer on probation under Rule 020901?,The Officer’s colleague,The Staff Union Chairman,The authority empowered to appoint the Officer,The Officer’s family,C,The authority empowered to appoint the Officer,1,"Correct. Under PSR Rule 020901, the authority empowered to appoint the Officer may terminate the appointment during probation where the stated condition is met."
12,ch2-s09-p01,9,1,2,PSR Chapter 2 Section 9 - Part 1,Chapter 2 Section 9 - Part 1,"Public Service Rules Chapter 2 practice quiz. Section 9, Part 1 of 2.",2-29,28,28,3,Chapter2_Section9.xlsx,Chapter2_Section9,4,Chapter 2 Section 9,20901,What compensation is generally available to a probationary Officer whose appointment is terminated under Rule 020901?,"Free transport to the place from which he was engaged, subject to good conduct",Automatic pension,Promotion arrears,Two years’ salary,A,"Free transport to the place from which he was engaged, subject to good conduct",1,"Correct. Under PSR Rule 020901, the Officer receives no further compensation than free transport to the place from which he was engaged, and this is granted only if his conduct has been good."
12,ch2-s09-p01,9,1,2,PSR Chapter 2 Section 9 - Part 1,Chapter 2 Section 9 - Part 1,"Public Service Rules Chapter 2 practice quiz. Section 9, Part 1 of 2.",2-29,28,28,4,Chapter2_Section9.xlsx,Chapter2_Section9,5,Chapter 2 Section 9,20901,Free transport under Rule 020901 is granted only if what condition is satisfied?,The Officer has served for 35 years,The Officer has been promoted,The Officer’s conduct has been good,The Officer requests transfer,C,The Officer’s conduct has been good,1,"Correct. Under PSR Rule 020901, free transport is granted only where the Officer’s conduct has been good."
12,ch2-s09-p01,9,1,2,PSR Chapter 2 Section 9 - Part 1,Chapter 2 Section 9 - Part 1,"Public Service Rules Chapter 2 practice quiz. Section 9, Part 1 of 2.",2-29,28,28,5,Chapter2_Section9.xlsx,Chapter2_Section9,6,Chapter 2 Section 9,20901,"If termination of a probationary appointment is not due to misconduct, how is it effected under Rule 020901?",By immediate dismissal without notice,By one month’s notice,By compulsory retirement at age 60,By transfer to another MDA,B,By one month’s notice,1,"Correct. Under PSR Rule 020901, where termination is not due to misconduct, it is effected by one month’s notice."
12,ch2-s09-p01,9,1,2,PSR Chapter 2 Section 9 - Part 1,Chapter 2 Section 9 - Part 1,"Public Service Rules Chapter 2 practice quiz. Section 9, Part 1 of 2.",2-29,28,28,6,Chapter2_Section9.xlsx,Chapter2_Section9,7,Chapter 2 Section 9,20901,"Under Rule 020901, what may be granted to an eligible probationary Officer in respect of service to date?",Vacation leave,Automatic sabbatical leave,Permanent Secretary appointment,Promotion arrears,A,Vacation leave,1,"Correct. Under PSR Rule 020901, if the Officer is eligible for vacation leave in respect of service to date, such leave may be granted."
12,ch2-s09-p01,9,1,2,PSR Chapter 2 Section 9 - Part 1,Chapter 2 Section 9 - Part 1,"Public Service Rules Chapter 2 practice quiz. Section 9, Part 1 of 2.",2-29,28,28,7,Chapter2_Section9.xlsx,Chapter2_Section9,8,Chapter 2 Section 9,20901,How should leave granted under Rule 020901 be arranged where possible?,To begin after retirement only,To be forfeited immediately,"To take place within the period of notice and, if possible, expire on the same day as the notice",To be accumulated for the next year,C,"To take place within the period of notice and, if possible, expire on the same day as the notice",1,"Correct. Under PSR Rule 020901, leave granted in this situation should be arranged within the notice period and, if possible, expire on the same day as the notice."
12,ch2-s09-p01,9,1,2,PSR Chapter 2 Section 9 - Part 1,Chapter 2 Section 9 - Part 1,"Public Service Rules Chapter 2 practice quiz. Section 9, Part 1 of 2.",2-29,28,28,8,Chapter2_Section9.xlsx,Chapter2_Section9,9,Chapter 2 Section 9,20901,"Under Rule 020901, what governs the refund of the cost of training given to the Officer?",The bond relating to the training,The Staff Union constitution,The Officer’s leave roster,The pension certificate,A,The bond relating to the training,1,Correct. PSR Rule 020901 states that refund of the cost of any training given to the Officer is governed by the bond relating to such training.
12,ch2-s09-p01,9,1,2,PSR Chapter 2 Section 9 - Part 1,Chapter 2 Section 9 - Part 1,"Public Service Rules Chapter 2 practice quiz. Section 9, Part 1 of 2.",2-29,28,28,9,Chapter2_Section9.xlsx,Chapter2_Section9,10,Chapter 2 Section 9,20901,Which statement best reflects termination during probation under Rule 020901?,It is always treated as promotion,It may occur where the appointing authority is satisfied that the Officer is not qualified for efficient service,It can only be approved by the Officer himself,It always attracts full pension,B,It may occur where the appointing authority is satisfied that the Officer is not qualified for efficient service,1,Correct. PSR Rule 020901 allows termination during probation where the appointing authority is satisfied that the Officer is not qualified for efficient service.
12,ch2-s09-p01,9,1,2,PSR Chapter 2 Section 9 - Part 1,Chapter 2 Section 9 - Part 1,"Public Service Rules Chapter 2 practice quiz. Section 9, Part 1 of 2.",2-29,28,28,10,Chapter2_Section9.xlsx,Chapter2_Section9,11,Chapter 2 Section 9,20902,"Under Rule 020902, what may an Officer who relinquishes appointment during probation be required to refund?",Annual leave allowance only,"Government expenditure on transporting his family, servant and baggage to and from the place of employment",Promotion examination fees only,Medical check-up allowance,B,"Government expenditure on transporting his family, servant and baggage to and from the place of employment",1,"Correct. Under PSR Rule 020902, an Officer who relinquishes appointment during probation may be required to refund Government expenditure on transporting his family, servant and baggage to and from the place where he was employed."
12,ch2-s09-p01,9,1,2,PSR Chapter 2 Section 9 - Part 1,Chapter 2 Section 9 - Part 1,"Public Service Rules Chapter 2 practice quiz. Section 9, Part 1 of 2.",2-29,28,28,11,Chapter2_Section9.xlsx,Chapter2_Section9,12,Chapter 2 Section 9,20902,An Officer who relinquishes appointment during probation is not eligible for what under Rule 020902?,Government transport facilities from the station where he was serving,Salary already earned,Staff identity card before assumption of duty,Promotion to Permanent Secretary,A,Government transport facilities from the station where he was serving,1,"Correct. Under PSR Rule 020902, the Officer will not be eligible for any facilities from Government towards transport from the station where he was serving."
12,ch2-s09-p01,9,1,2,PSR Chapter 2 Section 9 - Part 1,Chapter 2 Section 9 - Part 1,"Public Service Rules Chapter 2 practice quiz. Section 9, Part 1 of 2.",2-29,28,28,12,Chapter2_Section9.xlsx,Chapter2_Section9,13,Chapter 2 Section 9,20902,Rule 020902 applies to relinquishment of appointment during which period?,After compulsory retirement,During probationary service,After serving as Director for eight years,After dismissal,B,During probationary service,1,Correct. PSR Rule 020902 applies where an Officer relinquishes his appointment within the period of probationary service.
12,ch2-s09-p01,9,1,2,PSR Chapter 2 Section 9 - Part 1,Chapter 2 Section 9 - Part 1,"Public Service Rules Chapter 2 practice quiz. Section 9, Part 1 of 2.",2-29,28,28,13,Chapter2_Section9.xlsx,Chapter2_Section9,14,Chapter 2 Section 9,20902,"Under Rule 020902, refund of training cost is governed by what?",The bond relating to such training,The Officer’s annual leave address,The Staff Union decision,The pension desk officer’s attestation,A,The bond relating to such training,1,"Correct. Under PSR Rule 020902, refund of the cost of any training given to the Officer is governed by the bond relating to such training."
12,ch2-s09-p01,9,1,2,PSR Chapter 2 Section 9 - Part 1,Chapter 2 Section 9 - Part 1,"Public Service Rules Chapter 2 practice quiz. Section 9, Part 1 of 2.",2-29,28,28,14,Chapter2_Section9.xlsx,Chapter2_Section9,15,Chapter 2 Section 9,20902,Which statement correctly describes the transport consequence under Rule 020902?,The Officer is automatically entitled to free transport after relinquishment,The Officer may be required to refund Government transport expenditure and is not eligible for further Government transport facilities from the station,The Officer receives international passage for his family,The Officer receives transport grant for four years,B,The Officer may be required to refund Government transport expenditure and is not eligible for further Government transport facilities from the station,1,Correct. PSR Rule 020902 provides that an Officer who relinquishes appointment during probation may refund Government transport expenditure and is not eligible for Government transport facilities from the station of service.
12,ch2-s09-p01,9,1,2,PSR Chapter 2 Section 9 - Part 1,Chapter 2 Section 9 - Part 1,"Public Service Rules Chapter 2 practice quiz. Section 9, Part 1 of 2.",2-29,28,28,15,Chapter2_Section9.xlsx,Chapter2_Section9,16,Chapter 2 Section 9,20903,"Under Rule 020903, what may happen to a probationary Officer who fails to secure confirmation in the pensionable establishment?",His appointment may be terminated,He is automatically promoted,He is appointed Permanent Secretary,He is placed on sabbatical leave,A,His appointment may be terminated,1,"Correct. Under PSR Rule 020903, the appointment of an Officer on probation who fails to secure confirmation in the pensionable establishment may be terminated."
12,ch2-s09-p01,9,1,2,PSR Chapter 2 Section 9 - Part 1,Chapter 2 Section 9 - Part 1,"Public Service Rules Chapter 2 practice quiz. Section 9, Part 1 of 2.",2-29,28,28,16,Chapter2_Section9.xlsx,Chapter2_Section9,17,Chapter 2 Section 9,20903,Failure to secure confirmation under Rule 020903 is assessed at what point?,"At the expiration of the probationary period, including any prescribed extension",Before assumption of duty only,Only after retirement,Only after annual leave,A,"At the expiration of the probationary period, including any prescribed extension",1,"Correct. Under PSR Rule 020903, termination may occur where confirmation is not secured at the expiration of the probationary period, including such extension as prescribed under Rule 020301."
12,ch2-s09-p01,9,1,2,PSR Chapter 2 Section 9 - Part 1,Chapter 2 Section 9 - Part 1,"Public Service Rules Chapter 2 practice quiz. Section 9, Part 1 of 2.",2-29,28,28,17,Chapter2_Section9.xlsx,Chapter2_Section9,18,Chapter 2 Section 9,20903,Rule 020903 refers to extension of probation as prescribed under which rule?,Rule 020301,Rule 120212,Rule 020909,Rule 021101,A,Rule 020301,1,"Correct. Under PSR Rule 020903, the probationary period includes any extension prescribed under Rule 020301."
12,ch2-s09-p01,9,1,2,PSR Chapter 2 Section 9 - Part 1,Chapter 2 Section 9 - Part 1,"Public Service Rules Chapter 2 practice quiz. Section 9, Part 1 of 2.",2-29,28,28,18,Chapter2_Section9.xlsx,Chapter2_Section9,19,Chapter 2 Section 9,20903,The termination of an Officer under Rule 020903 is to be done in the manner specified in which rule?,Rule 020801,Rule 020901,Rule 020501,Rule 021004,B,Rule 020901,1,Correct. PSR Rule 020903 states that termination for failure to secure confirmation is done in the manner specified in Rule 020901.
12,ch2-s09-p01,9,1,2,PSR Chapter 2 Section 9 - Part 1,Chapter 2 Section 9 - Part 1,"Public Service Rules Chapter 2 practice quiz. Section 9, Part 1 of 2.",2-29,28,28,19,Chapter2_Section9.xlsx,Chapter2_Section9,20,Chapter 2 Section 9,20904,"Under Rule 020904, what happens to an Officer who resigns in relation to vacation leave claims?",He forfeits all claims to vacation leave,He receives double vacation leave,He automatically accumulates leave indefinitely,He converts leave into promotion,A,He forfeits all claims to vacation leave,1,"Correct. Under PSR Rule 020904, an Officer who resigns is liable to forfeit all claims to vacation leave."
12,ch2-s09-p01,9,1,2,PSR Chapter 2 Section 9 - Part 1,Chapter 2 Section 9 - Part 1,"Public Service Rules Chapter 2 practice quiz. Section 9, Part 1 of 2.",2-29,28,28,20,Chapter2_Section9.xlsx,Chapter2_Section9,21,Chapter 2 Section 9,20904,"Where vacation leave or passage privileges are granted to an Officer who resigns, how are they treated under Rule 020904?",As statutory entitlement in all cases,As ex-gratia,As pensionable service,As automatic promotion,B,As ex-gratia,1,"Correct. Under PSR Rule 020904, any vacation leave or passage privileges granted to an Officer who resigns are ex-gratia."
12,ch2-s09-p01,9,1,2,PSR Chapter 2 Section 9 - Part 1,Chapter 2 Section 9 - Part 1,"Public Service Rules Chapter 2 practice quiz. Section 9, Part 1 of 2.",2-29,28,28,21,Chapter2_Section9.xlsx,Chapter2_Section9,22,Chapter 2 Section 9,20904,"Under Rule 020904, what must a resigning Officer refund to Government?",Any sum owed to Government or refundable under rules or agreements,Only the cost of staff identity card,Only annual leave roster charges,Only union dues,A,Any sum owed to Government or refundable under rules or agreements,1,"Correct. Under PSR Rule 020904, a resigning Officer must refund in full any sum owed to Government or refundable under rules or agreements entered into with Government."
12,ch2-s09-p01,9,1,2,PSR Chapter 2 Section 9 - Part 1,Chapter 2 Section 9 - Part 1,"Public Service Rules Chapter 2 practice quiz. Section 9, Part 1 of 2.",2-29,28,28,22,Chapter2_Section9.xlsx,Chapter2_Section9,23,Chapter 2 Section 9,20904,Why may a resigning Officer be required to refund money under Rule 020904?,For not discharging obligations set out in an agreement with Government,For taking annual leave in December,For being a senior Officer,For having a leave address,A,For not discharging obligations set out in an agreement with Government,1,"Correct. Under PSR Rule 020904, refund may be required where money is refundable for not discharging obligations set out in an agreement with Government."
12,ch2-s09-p01,9,1,2,PSR Chapter 2 Section 9 - Part 1,Chapter 2 Section 9 - Part 1,"Public Service Rules Chapter 2 practice quiz. Section 9, Part 1 of 2.",2-29,28,28,23,Chapter2_Section9.xlsx,Chapter2_Section9,24,Chapter 2 Section 9,20904,Who may waive any or all refunds due from a resigning Officer under Rule 020904?,Government,The Officer’s colleague,The Staff Union only,The Officer’s family,A,Government,1,Correct. PSR Rule 020904 provides that any or all such refunds may be waived at the discretion of the Government.
12,ch2-s09-p01,9,1,2,PSR Chapter 2 Section 9 - Part 1,Chapter 2 Section 9 - Part 1,"Public Service Rules Chapter 2 practice quiz. Section 9, Part 1 of 2.",2-29,28,28,24,Chapter2_Section9.xlsx,Chapter2_Section9,25,Chapter 2 Section 9,20904,Which statement correctly summarises resignation under Rule 020904?,Resignation always gives automatic pension and leave accumulation,Resignation makes the Officer liable to forfeit vacation leave claims and refund sums owed or refundable to Government,Resignation has no financial consequence,Resignation automatically converts the Officer to contract staff,B,Resignation makes the Officer liable to forfeit vacation leave claims and refund sums owed or refundable to Government,1,"Correct. Under PSR Rule 020904, a resigning Officer forfeits vacation leave claims and must refund sums owed or refundable to Government, subject to possible waiver by Government."
12,ch2-s09-p01,9,1,2,PSR Chapter 2 Section 9 - Part 1,Chapter 2 Section 9 - Part 1,"Public Service Rules Chapter 2 practice quiz. Section 9, Part 1 of 2.",2-29,28,28,25,Chapter2_Section9.xlsx,Chapter2_Section9,26,Chapter 2 Section 9,20905,"Under Rule 020905, an Officer who leaves the Service other than by resignation or dismissal is eligible for what?",Proportionate leave in accordance with Rule 120212,Automatic promotion,Unlimited accumulated leave,Sabbatical leave without approval,A,Proportionate leave in accordance with Rule 120212,1,"Correct. Under PSR Rule 020905, an Officer who leaves the Service other than by resignation or dismissal is eligible for proportionate leave in accordance with Rule 120212."
12,ch2-s09-p01,9,1,2,PSR Chapter 2 Section 9 - Part 1,Chapter 2 Section 9 - Part 1,"Public Service Rules Chapter 2 practice quiz. Section 9, Part 1 of 2.",2-29,28,28,26,Chapter2_Section9.xlsx,Chapter2_Section9,27,Chapter 2 Section 9,20905,Rule 020905 excludes which two modes of leaving Service from its proportionate leave provision?,Transfer and secondment,Resignation and dismissal,Posting and redeployment,Promotion and confirmation,B,Resignation and dismissal,1,Correct. PSR Rule 020905 applies to an Officer who leaves the Service other than by resignation or dismissal.
12,ch2-s09-p01,9,1,2,PSR Chapter 2 Section 9 - Part 1,Chapter 2 Section 9 - Part 1,"Public Service Rules Chapter 2 practice quiz. Section 9, Part 1 of 2.",2-29,28,28,27,Chapter2_Section9.xlsx,Chapter2_Section9,28,Chapter 2 Section 9,20905,"If an Officer has enjoyed more leave during the leave year than he is eligible to receive, what is required under Rule 020905?",He must refund salary for the excess working days’ leave enjoyed,He must receive additional leave allowance,He must be promoted automatically,He must repeat the leave year,A,He must refund salary for the excess working days’ leave enjoyed,1,"Correct. Under PSR Rule 020905, an Officer who has enjoyed excess leave must refund salary for the number of working days’ leave enjoyed in excess of eligibility."
12,ch2-s09-p01,9,1,2,PSR Chapter 2 Section 9 - Part 1,Chapter 2 Section 9 - Part 1,"Public Service Rules Chapter 2 practice quiz. Section 9, Part 1 of 2.",2-29,28,28,28,Chapter2_Section9.xlsx,Chapter2_Section9,29,Chapter 2 Section 9,20905,"For pension purposes, days for which salary is refunded under Rule 020905 are treated as what?",Sick leave with pay,Leave without pay,Promotion service,Training period,B,Leave without pay,1,"Correct. Under PSR Rule 020905, days for which salary is refunded are treated as leave without pay for pension purposes."
13,ch2-s09-p02,9,2,2,PSR Chapter 2 Section 9 - Part 2,Chapter 2 Section 9 - Part 2,"Public Service Rules Chapter 2 practice quiz. Section 9, Part 2 of 2.",30-57,28,28,1,Chapter2_Section9.xlsx,Chapter2_Section9,30,Chapter 2 Section 9,20905,In which case is the refund provision under Rule 020905 waived?,Where the Officer dies in the Service,Where the Officer resigns voluntarily,Where the Officer is dismissed,Where the Officer refuses examination,A,Where the Officer dies in the Service,1,"Correct. Under PSR Rule 020905, the refund provision is waived in the case of an Officer who dies in the Service."
13,ch2-s09-p02,9,2,2,PSR Chapter 2 Section 9 - Part 2,Chapter 2 Section 9 - Part 2,"Public Service Rules Chapter 2 practice quiz. Section 9, Part 2 of 2.",30-57,28,28,2,Chapter2_Section9.xlsx,Chapter2_Section9,31,Chapter 2 Section 9,20905,Which rule is specifically referenced for proportionate leave under Rule 020905?,Rule 120212,Rule 020701,Rule 100301,Rule 021101,A,Rule 120212,1,Correct. PSR Rule 020905 provides that proportionate leave is determined in accordance with Rule 120212.
13,ch2-s09-p02,9,2,2,PSR Chapter 2 Section 9 - Part 2,Chapter 2 Section 9 - Part 2,"Public Service Rules Chapter 2 practice quiz. Section 9, Part 2 of 2.",30-57,28,28,3,Chapter2_Section9.xlsx,Chapter2_Section9,32,Chapter 2 Section 9,20906,"Under Rule 020906, an Officer who fails promotion examinations after how many consecutive attempts is deemed to have exited the Service?",One consecutive attempt,Two consecutive attempts,Three consecutive attempts,Five consecutive attempts,C,Three consecutive attempts,1,"Correct. Under PSR Rule 020906, Officers who fail promotion examinations after three consecutive attempts are deemed to have exited the Service."
13,ch2-s09-p02,9,2,2,PSR Chapter 2 Section 9 - Part 2,Chapter 2 Section 9 - Part 2,"Public Service Rules Chapter 2 practice quiz. Section 9, Part 2 of 2.",30-57,28,28,4,Chapter2_Section9.xlsx,Chapter2_Section9,33,Chapter 2 Section 9,20906,"Under Rule 020906, an Officer who refuses or fails to write promotion examination for the third time on unacceptable grounds is deemed to have done what?",Exited from the Service,Qualified for promotion,Completed confirmation,Received automatic study leave,A,Exited from the Service,1,"Correct. Under PSR Rule 020906, an Officer who absents himself from an examination on unacceptable grounds is deemed to have exited the Service when he refuses to write the examination the third time."
13,ch2-s09-p02,9,2,2,PSR Chapter 2 Section 9 - Part 2,Chapter 2 Section 9 - Part 2,"Public Service Rules Chapter 2 practice quiz. Section 9, Part 2 of 2.",30-57,28,28,5,Chapter2_Section9.xlsx,Chapter2_Section9,34,Chapter 2 Section 9,20906,"For absence from promotion examination on grounds of ill-health to be acceptable under Rule 020906, what is required?",A medical report from a recognized Healthcare Provider,A verbal message from a colleague,A Staff Union note,A private social media post,A,A medical report from a recognized Healthcare Provider,1,"Correct. Under PSR Rule 020906, absence on grounds of ill-health must be supported by a medical report from a recognized Healthcare Provider."
13,ch2-s09-p02,9,2,2,PSR Chapter 2 Section 9 - Part 2,Chapter 2 Section 9 - Part 2,"Public Service Rules Chapter 2 practice quiz. Section 9, Part 2 of 2.",30-57,28,28,6,Chapter2_Section9.xlsx,Chapter2_Section9,35,Chapter 2 Section 9,20906,"Under Rule 020906, reasons for absence other than ill-health are evaluated by whom?",The Officer’s family,The Federal Civil Service Commission,The Staff Union Treasurer,The Officer’s landlord,B,The Federal Civil Service Commission,1,"Correct. Under PSR Rule 020906, other reasons for absence from the examination are based on the evaluation of the Federal Civil Service Commission."
13,ch2-s09-p02,9,2,2,PSR Chapter 2 Section 9 - Part 2,Chapter 2 Section 9 - Part 2,"Public Service Rules Chapter 2 practice quiz. Section 9, Part 2 of 2.",30-57,28,28,7,Chapter2_Section9.xlsx,Chapter2_Section9,36,Chapter 2 Section 9,20906,How should Officers who score below the pass mark in a promotion examination be notified under Rule 020906?,Either in writing or by messages sent to their given e-mail address,Only by public announcement in a market,Only through family members,Only after retirement,A,Either in writing or by messages sent to their given e-mail address,1,"Correct. Under PSR Rule 020906, Officers who score below the pass mark are notified either in writing or by messages sent to their given e-mail address."
13,ch2-s09-p02,9,2,2,PSR Chapter 2 Section 9 - Part 2,Chapter 2 Section 9 - Part 2,"Public Service Rules Chapter 2 practice quiz. Section 9, Part 2 of 2.",30-57,28,28,8,Chapter2_Section9.xlsx,Chapter2_Section9,37,Chapter 2 Section 9,20906,Who gives the notification to Officers that scored below the pass mark under Rule 020906?,The authority that conducted the examination,The Officer’s colleague,The Staff Union Chairman,The Officer’s family,A,The authority that conducted the examination,1,"Correct. Under PSR Rule 020906, notification to Officers who scored below the pass mark is given by the authority that conducted the examination."
13,ch2-s09-p02,9,2,2,PSR Chapter 2 Section 9 - Part 2,Chapter 2 Section 9 - Part 2,"Public Service Rules Chapter 2 practice quiz. Section 9, Part 2 of 2.",30-57,28,28,9,Chapter2_Section9.xlsx,Chapter2_Section9,38,Chapter 2 Section 9,20906,At what point is an Officer deemed to have exited after failing promotion examinations under Rule 020906?,After the failed third consecutive attempt,After the first failure,After retirement only,After one month’s leave,A,After the failed third consecutive attempt,1,"Correct. Under PSR Rule 020906, the Officer is deemed to have exited the Service after the failed third consecutive attempt."
13,ch2-s09-p02,9,2,2,PSR Chapter 2 Section 9 - Part 2,Chapter 2 Section 9 - Part 2,"Public Service Rules Chapter 2 practice quiz. Section 9, Part 2 of 2.",30-57,28,28,10,Chapter2_Section9.xlsx,Chapter2_Section9,39,Chapter 2 Section 9,20906,Which statement correctly reflects Rule 020906?,Failure of promotion examinations has no consequence,Three consecutive failures or unacceptable absence from the examination on the third occasion leads to deemed exit from the Service,Only annual leave refusal leads to exit,Only retirement age matters in all cases,B,Three consecutive failures or unacceptable absence from the examination on the third occasion leads to deemed exit from the Service,1,Correct. PSR Rule 020906 provides that three consecutive failures or unacceptable absence from promotion examination on the third occasion leads to deemed exit from the Service.
13,ch2-s09-p02,9,2,2,PSR Chapter 2 Section 9 - Part 2,Chapter 2 Section 9 - Part 2,"Public Service Rules Chapter 2 practice quiz. Section 9, Part 2 of 2.",30-57,28,28,11,Chapter2_Section9.xlsx,Chapter2_Section9,40,Chapter 2 Section 9,20907,"Under Rule 020907, an Officer whose service is no longer required because of abolition of office shall do what?",Remain in Service indefinitely,Be required to leave the Service,Receive automatic promotion,Proceed on paternity leave,B,Be required to leave the Service,1,"Correct. Under PSR Rule 020907, an Officer whose service is no longer required due to abolition of office is required to leave the Service."
13,ch2-s09-p02,9,2,2,PSR Chapter 2 Section 9 - Part 2,Chapter 2 Section 9 - Part 2,"Public Service Rules Chapter 2 practice quiz. Section 9, Part 2 of 2.",30-57,28,28,12,Chapter2_Section9.xlsx,Chapter2_Section9,41,Chapter 2 Section 9,20907,Which of the following circumstances is covered by Rule 020907?,Re-organization of office,Annual leave abroad,Promotion interview only,Appointment on probation,A,Re-organization of office,1,"Correct. PSR Rule 020907 covers leaving the Service where service is no longer required due to abolition of office, re-organization of office or redundancy."
13,ch2-s09-p02,9,2,2,PSR Chapter 2 Section 9 - Part 2,Chapter 2 Section 9 - Part 2,"Public Service Rules Chapter 2 practice quiz. Section 9, Part 2 of 2.",30-57,28,28,13,Chapter2_Section9.xlsx,Chapter2_Section9,42,Chapter 2 Section 9,20907,"Under Rule 020907, redundancy may lead to what consequence?",The Officer may be required to leave the Service,The Officer must be appointed Permanent Secretary,The Officer receives automatic acting appointment,The Officer becomes exempt from PSR,A,The Officer may be required to leave the Service,1,"Correct. Under PSR Rule 020907, where service is no longer required due to redundancy, the Officer is required to leave the Service."
13,ch2-s09-p02,9,2,2,PSR Chapter 2 Section 9 - Part 2,Chapter 2 Section 9 - Part 2,"Public Service Rules Chapter 2 practice quiz. Section 9, Part 2 of 2.",30-57,28,28,14,Chapter2_Section9.xlsx,Chapter2_Section9,43,Chapter 2 Section 9,20907,Which option correctly lists the grounds in Rule 020907?,"Abolition of office, re-organization of office or redundancy","Annual leave, sick leave and maternity leave","Posting, secondment and transfer","Confirmation, promotion and acting appointment",A,"Abolition of office, re-organization of office or redundancy",1,"Correct. PSR Rule 020907 provides that an Officer whose service is no longer required because of abolition of office, re-organization of office or redundancy shall leave the Service."
13,ch2-s09-p02,9,2,2,PSR Chapter 2 Section 9 - Part 2,Chapter 2 Section 9 - Part 2,"Public Service Rules Chapter 2 practice quiz. Section 9, Part 2 of 2.",30-57,28,28,15,Chapter2_Section9.xlsx,Chapter2_Section9,44,Chapter 2 Section 9,20908,"Under Rule 020908, what is the mandatory retirement age for all grades in the Service?",50 years,55 years,60 years,65 years,C,60 years,1,"Correct. Under PSR Rule 020908, the mandatory retirement age for all grades in the Service is 60 years or 35 years of pensionable service, whichever is earlier."
13,ch2-s09-p02,9,2,2,PSR Chapter 2 Section 9 - Part 2,Chapter 2 Section 9 - Part 2,"Public Service Rules Chapter 2 practice quiz. Section 9, Part 2 of 2.",30-57,28,28,16,Chapter2_Section9.xlsx,Chapter2_Section9,45,Chapter 2 Section 9,20908,"Under Rule 020908, what is the maximum pensionable service period before mandatory retirement?",25 years,30 years,35 years,40 years,C,35 years,1,"Correct. Under PSR Rule 020908, mandatory retirement occurs at 60 years of age or 35 years of pensionable service, whichever is earlier."
13,ch2-s09-p02,9,2,2,PSR Chapter 2 Section 9 - Part 2,Chapter 2 Section 9 - Part 2,"Public Service Rules Chapter 2 practice quiz. Section 9, Part 2 of 2.",30-57,28,28,17,Chapter2_Section9.xlsx,Chapter2_Section9,46,Chapter 2 Section 9,20908,Which comes first for mandatory retirement under Rule 020908?,Transfer or secondment,Promotion or confirmation,60 years of age or 35 years of pensionable service,Annual leave or casual leave,C,60 years of age or 35 years of pensionable service,1,"Correct. Under PSR Rule 020908, retirement is mandatory at 60 years of age or 35 years of pensionable service, whichever is earlier."
13,ch2-s09-p02,9,2,2,PSR Chapter 2 Section 9 - Part 2,Chapter 2 Section 9 - Part 2,"Public Service Rules Chapter 2 practice quiz. Section 9, Part 2 of 2.",30-57,28,28,18,Chapter2_Section9.xlsx,Chapter2_Section9,47,Chapter 2 Section 9,20908,What does Rule 020908 say about remaining in Service after retirement age?,"No Officer shall be allowed to remain in Service after attaining 60 years of age or 35 years of pensionable service, whichever is earlier",An Officer may remain indefinitely after 60 years,Only Directors may ignore the retirement age,Officers may remain if they have unused annual leave,A,"No Officer shall be allowed to remain in Service after attaining 60 years of age or 35 years of pensionable service, whichever is earlier",1,"Correct. Under PSR Rule 020908, no Officer may remain in Service after attaining 60 years of age or 35 years of pensionable service, whichever is earlier."
13,ch2-s09-p02,9,2,2,PSR Chapter 2 Section 9 - Part 2,Chapter 2 Section 9 - Part 2,"Public Service Rules Chapter 2 practice quiz. Section 9, Part 2 of 2.",30-57,28,28,19,Chapter2_Section9.xlsx,Chapter2_Section9,48,Chapter 2 Section 9,20908,Rule 020908 is without prejudice to prevailing conditions of service for which categories?,"Judicial Officers, Academic Staff of Universities and other Officers whose retirement age differs",Junior Officers only,Contract staff only,Officers on leave only,A,"Judicial Officers, Academic Staff of Universities and other Officers whose retirement age differs",1,"Correct. Under PSR Rule 020908, the general retirement rule is without prejudice to prevailing conditions of service for Judicial Officers, Academic Staff of Universities and other Officers whose retirement age is different."
13,ch2-s09-p02,9,2,2,PSR Chapter 2 Section 9 - Part 2,Chapter 2 Section 9 - Part 2,"Public Service Rules Chapter 2 practice quiz. Section 9, Part 2 of 2.",30-57,28,28,20,Chapter2_Section9.xlsx,Chapter2_Section9,49,Chapter 2 Section 9,20908,Which statement correctly summarises mandatory retirement under Rule 020908?,The Service has no retirement age,All Officers retire only after 70 years,"The general rule is 60 years of age or 35 years of pensionable service, whichever is earlier",The rule applies only to Officers on probation,C,"The general rule is 60 years of age or 35 years of pensionable service, whichever is earlier",1,"Correct. PSR Rule 020908 provides that mandatory retirement is 60 years of age or 35 years of pensionable service, whichever is earlier, subject to stated exceptions."
13,ch2-s09-p02,9,2,2,PSR Chapter 2 Section 9 - Part 2,Chapter 2 Section 9 - Part 2,"Public Service Rules Chapter 2 practice quiz. Section 9, Part 2 of 2.",30-57,28,28,21,Chapter2_Section9.xlsx,Chapter2_Section9,50,Chapter 2 Section 9,20909,"Under Rule 020909, when must a Director or equivalent in an MDA compulsorily retire?",After serving eight years on the post,After one year on the post,Only at age 70,After four months,A,After serving eight years on the post,1,"Correct. Under PSR Rule 020909, a Director or its equivalent by whatever nomenclature in MDAs shall compulsorily retire upon serving eight years on the post."
13,ch2-s09-p02,9,2,2,PSR Chapter 2 Section 9 - Part 2,Chapter 2 Section 9 - Part 2,"Public Service Rules Chapter 2 practice quiz. Section 9, Part 2 of 2.",30-57,28,28,22,Chapter2_Section9.xlsx,Chapter2_Section9,51,Chapter 2 Section 9,20909,Rule 020909 applies to a Director or equivalent by whatever nomenclature in which organizations?,MDAs,Private companies only,Foreign universities only,Staff unions,A,MDAs,1,"Correct. Under PSR Rule 020909, the eight-year tenure policy applies to a Director or equivalent by whatever nomenclature in MDAs."
13,ch2-s09-p02,9,2,2,PSR Chapter 2 Section 9 - Part 2,Chapter 2 Section 9 - Part 2,"Public Service Rules Chapter 2 practice quiz. Section 9, Part 2 of 2.",30-57,28,28,23,Chapter2_Section9.xlsx,Chapter2_Section9,52,Chapter 2 Section 9,20909,"Under Rule 020909, what is the initial term of office of a Permanent Secretary?",Four years,Two years,Eight years,Ten years,A,Four years,1,"Correct. Under PSR Rule 020909, a Permanent Secretary shall hold office for a term of four years."
13,ch2-s09-p02,9,2,2,PSR Chapter 2 Section 9 - Part 2,Chapter 2 Section 9 - Part 2,"Public Service Rules Chapter 2 practice quiz. Section 9, Part 2 of 2.",30-57,28,28,24,Chapter2_Section9.xlsx,Chapter2_Section9,53,Chapter 2 Section 9,20909,"Under Rule 020909, a Permanent Secretary’s term may be renewed for what further period?",A further term of four years,A further term of ten years,An unlimited period,A further term of one year,A,A further term of four years,1,"Correct. Under PSR Rule 020909, a Permanent Secretary’s four-year term is renewable for a further term of four years."
13,ch2-s09-p02,9,2,2,PSR Chapter 2 Section 9 - Part 2,Chapter 2 Section 9 - Part 2,"Public Service Rules Chapter 2 practice quiz. Section 9, Part 2 of 2.",30-57,28,28,25,Chapter2_Section9.xlsx,Chapter2_Section9,54,Chapter 2 Section 9,20909,Renewal of a Permanent Secretary’s term under Rule 020909 is subject to what condition?,Satisfactory performance,Automatic seniority only,Staff Union endorsement,Annual leave balance,A,Satisfactory performance,1,"Correct. Under PSR Rule 020909, renewal for a further term of four years is subject to satisfactory performance."
13,ch2-s09-p02,9,2,2,PSR Chapter 2 Section 9 - Part 2,Chapter 2 Section 9 - Part 2,"Public Service Rules Chapter 2 practice quiz. Section 9, Part 2 of 2.",30-57,28,28,26,Chapter2_Section9.xlsx,Chapter2_Section9,55,Chapter 2 Section 9,20909,What is the maximum tenure stated for a Permanent Secretary under Rule 020909?,Four years only,"Four years, renewable for a further four years, and no more",Twelve years automatically,Unlimited tenure,B,"Four years, renewable for a further four years, and no more",1,"Correct. Under PSR Rule 020909, a Permanent Secretary holds office for four years, renewable for a further four years subject to satisfactory performance, and no more."
13,ch2-s09-p02,9,2,2,PSR Chapter 2 Section 9 - Part 2,Chapter 2 Section 9 - Part 2,"Public Service Rules Chapter 2 practice quiz. Section 9, Part 2 of 2.",30-57,28,28,27,Chapter2_Section9.xlsx,Chapter2_Section9,56,Chapter 2 Section 9,20909,Which statement correctly reflects the tenure policy under Rule 020909?,"Directors retire after eight years on the post, while Permanent Secretaries serve four years renewable once for another four years subject to satisfactory performance","Directors serve indefinitely, while Permanent Secretaries serve one year only","Directors must retire after two years, while Permanent Secretaries have unlimited tenure",Directors and Permanent Secretaries have no tenure limits,A,"Directors retire after eight years on the post, while Permanent Secretaries serve four years renewable once for another four years subject to satisfactory performance",1,"Correct. PSR Rule 020909 provides that Directors or equivalent retire after eight years on the post, and Permanent Secretaries serve a four-year term renewable once for four years subject to satisfactory performance."
13,ch2-s09-p02,9,2,2,PSR Chapter 2 Section 9 - Part 2,Chapter 2 Section 9 - Part 2,"Public Service Rules Chapter 2 practice quiz. Section 9, Part 2 of 2.",30-57,28,28,28,Chapter2_Section9.xlsx,Chapter2_Section9,57,Chapter 2 Section 9,020901-020909,"Which statement best summarises Chapter 2, Section 9 of the PSR?","It regulates leaving the Service, including probationary termination, relinquishment, failure to secure confirmation, resignation, proportionate leave, exit after failing promotion examinations, abolition or redundancy, mandatory retirement and tenure policy",It deals only with annual leave abroad,It deals only with acting appointment,It regulates only medical treatment abroad,A,"It regulates leaving the Service, including probationary termination, relinquishment, failure to secure confirmation, resignation, proportionate leave, exit after failing promotion examinations, abolition or redundancy, mandatory retirement and tenure policy",1,"Correct. PSR Chapter 2, Section 9, Rules 020901 to 020909 cover leaving the Service, including probationary termination, relinquishment during probation, failure to secure confirmation, resignation, proportionate leave, exit after failing promotion examinations, abolition of office or redundancy, mandatory retirement and tenure policy."
14,ch2-s10-p01,10,1,1,PSR Chapter 2 Section 10,Chapter 2 Section 10,Public Service Rules Chapter 2 practice quiz. Section 10.,2-35,34,34,1,Chapter2_Section10.xlsx,Chapter2_Section10,2,Chapter 2 Section 10,21001,"Under Rule 021001, which Officers must participate in the Contributory Pension Scheme?",Only contract Officers,All pensionable Officers,Only Officers on probation,Only political appointees,B,All pensionable Officers,1,"Correct. Under PSR Chapter 2, Section 10, Rule 021001, all pensionable Officers shall participate in the Contributory Pension Scheme."
14,ch2-s10-p01,10,1,1,PSR Chapter 2 Section 10,Chapter 2 Section 10,Public Service Rules Chapter 2 practice quiz. Section 10.,2-35,34,34,2,Chapter2_Section10.xlsx,Chapter2_Section10,3,Chapter 2 Section 10,21001,The Contributory Pension Scheme under Rule 021001 is provided for in which law?,"Public Procurement Act, 2007","Freedom of Information Act, 2011","Employees Compensation Act, 2010","Pension Reform Act, 2014",D,"Pension Reform Act, 2014",1,"Correct. Under PSR Rule 021001, participation in the Contributory Pension Scheme is as provided for in the Pension Reform Act, 2014."
14,ch2-s10-p01,10,1,1,PSR Chapter 2 Section 10,Chapter 2 Section 10,Public Service Rules Chapter 2 practice quiz. Section 10.,2-35,34,34,3,Chapter2_Section10.xlsx,Chapter2_Section10,4,Chapter 2 Section 10,21001,Rule 021001 mainly deals with what subject?,Payment of retirement benefit,Disciplinary procedure,Acting appointment,Burial expenses,A,Payment of retirement benefit,1,Correct. PSR Rule 021001 deals with payment of retirement benefit through participation of all pensionable Officers in the Contributory Pension Scheme.
14,ch2-s10-p01,10,1,1,PSR Chapter 2 Section 10,Chapter 2 Section 10,Public Service Rules Chapter 2 practice quiz. Section 10.,2-35,34,34,4,Chapter2_Section10.xlsx,Chapter2_Section10,5,Chapter 2 Section 10,21001,Which statement correctly reflects Rule 021001?,Only retired Officers participate in the Contributory Pension Scheme,Only junior Officers participate in the Contributory Pension Scheme,"All pensionable Officers participate in the Contributory Pension Scheme as provided by the Pension Reform Act, 2014",Contract Officers must be promoted through the Contributory Pension Scheme,C,"All pensionable Officers participate in the Contributory Pension Scheme as provided by the Pension Reform Act, 2014",1,"Correct. Under PSR Rule 021001, all pensionable Officers shall participate in the Contributory Pension Scheme as provided for in the Pension Reform Act, 2014."
14,ch2-s10-p01,10,1,1,PSR Chapter 2 Section 10,Chapter 2 Section 10,Public Service Rules Chapter 2 practice quiz. Section 10.,2-35,34,34,5,Chapter2_Section10.xlsx,Chapter2_Section10,6,Chapter 2 Section 10,21002,"Under Rule 021002, who forwards up-to-date record of service and required documents to PENCOM?",The Staff Union,The retiring Officer’s family,The Federal Civil Service Commission,Departmental Pension Officers,D,Departmental Pension Officers,1,"Correct. Under PSR Rule 021002, Departmental Pension Officers are required to forward up-to-date record of service and the listed documents to the Pension Commission, PENCOM."
14,ch2-s10-p01,10,1,1,PSR Chapter 2 Section 10,Chapter 2 Section 10,Public Service Rules Chapter 2 practice quiz. Section 10.,2-35,34,34,6,Chapter2_Section10.xlsx,Chapter2_Section10,7,Chapter 2 Section 10,21002,Rule 021002 requires records and documents to be forwarded to which body?,"The Pension Commission, PENCOM",The National Assembly,The Staff Union Secretariat,The Medical Board,A,"The Pension Commission, PENCOM",1,"Correct. Under PSR Rule 021002, Departmental Pension Officers forward the records and documents to the Pension Commission, PENCOM."
14,ch2-s10-p01,10,1,1,PSR Chapter 2 Section 10,Chapter 2 Section 10,Public Service Rules Chapter 2 practice quiz. Section 10.,2-35,34,34,7,Chapter2_Section10.xlsx,Chapter2_Section10,8,Chapter 2 Section 10,21002,Why are Departmental Pension Officers required to forward the documents listed in Rule 021002?,To delay retirement benefit processing,To replace promotion examinations,To ensure Officers receive their retirement benefits promptly,To approve annual leave,C,To ensure Officers receive their retirement benefits promptly,1,"Correct. Under PSR Rule 021002, the documents are forwarded to PENCOM in order to ensure that Officers receive their retirement benefits promptly."
14,ch2-s10-p01,10,1,1,PSR Chapter 2 Section 10,Chapter 2 Section 10,Public Service Rules Chapter 2 practice quiz. Section 10.,2-35,34,34,8,Chapter2_Section10.xlsx,Chapter2_Section10,9,Chapter 2 Section 10,21002,Which document is required under Rule 021002(a)?,Original and photocopy of Gazetted publication of Letter of First Appointment,Annual leave roster only,Medical check-up report only,Staff Union membership card,A,Original and photocopy of Gazetted publication of Letter of First Appointment,1,"Correct. Under PSR Rule 021002(a), the original and photocopy of the Gazetted publication of Letter of First Appointment are required for pension payment processing."
14,ch2-s10-p01,10,1,1,PSR Chapter 2 Section 10,Chapter 2 Section 10,Public Service Rules Chapter 2 practice quiz. Section 10.,2-35,34,34,9,Chapter2_Section10.xlsx,Chapter2_Section10,10,Chapter 2 Section 10,21002,"Under Rule 021002(b), which document is required where applicable?",Casual leave approval,Promotion examination result,Private business registration certificate,Original and photocopy of Transfer and Acceptance of Service,D,Original and photocopy of Transfer and Acceptance of Service,1,"Correct. Under PSR Rule 021002(b), the original and photocopy of Transfer and Acceptance of Service are required where applicable."
14,ch2-s10-p01,10,1,1,PSR Chapter 2 Section 10,Chapter 2 Section 10,Public Service Rules Chapter 2 practice quiz. Section 10.,2-35,34,34,10,Chapter2_Section10.xlsx,Chapter2_Section10,11,Chapter 2 Section 10,21002,Which proof of age is listed under Rule 021002(c)?,Staff identity card only,Original and photocopy of Birth Certificate or sworn Declaration of Age,Annual leave certificate only,Letter from a colleague,B,Original and photocopy of Birth Certificate or sworn Declaration of Age,1,"Correct. Under PSR Rule 021002(c), the original and photocopy of Birth Certificate or sworn Declaration of Age are required."
14,ch2-s10-p01,10,1,1,PSR Chapter 2 Section 10,Chapter 2 Section 10,Public Service Rules Chapter 2 practice quiz. Section 10.,2-35,34,34,11,Chapter2_Section10.xlsx,Chapter2_Section10,12,Chapter 2 Section 10,21002,"Under Rule 021002(d), which promotion-related documents are required where applicable?",Original and photocopy of last four Promotion Letters,Only first promotion letter,Only current posting letter,Only promotion interview invitation,A,Original and photocopy of last four Promotion Letters,1,"Correct. Under PSR Rule 021002(d), the original and photocopy of the last four Promotion Letters are required where applicable."
14,ch2-s10-p01,10,1,1,PSR Chapter 2 Section 10,Chapter 2 Section 10,Public Service Rules Chapter 2 practice quiz. Section 10.,2-35,34,34,12,Chapter2_Section10.xlsx,Chapter2_Section10,13,Chapter 2 Section 10,21002,What must the Letter of Introduction from the MDA signify under Rule 021002(e)?,Only the Officer’s leave address,Only the Officer’s next of kin,"Retirement and first appointment dates, grade level and step as at the years of last four promotions, and current grade level and step",Only the Officer’s union membership,C,"Retirement and first appointment dates, grade level and step as at the years of last four promotions, and current grade level and step",1,"Correct. Under PSR Rule 021002(e), the Letter of Introduction from the MDA must signify retirement and first appointment dates, grade level and step as at the years of the last four promotions, and the current grade level and step."
14,ch2-s10-p01,10,1,1,PSR Chapter 2 Section 10,Chapter 2 Section 10,Public Service Rules Chapter 2 practice quiz. Section 10.,2-35,34,34,13,Chapter2_Section10.xlsx,Chapter2_Section10,14,Chapter 2 Section 10,21002,Which identity document is required under Rule 021002(f)?,Official vehicle allocation letter,Medical appointment card,Leave roster,Original and photocopy of staff identity card,D,Original and photocopy of staff identity card,1,"Correct. Under PSR Rule 021002(f), the original and photocopy of the staff identity card are required."
14,ch2-s10-p01,10,1,1,PSR Chapter 2 Section 10,Chapter 2 Section 10,Public Service Rules Chapter 2 practice quiz. Section 10.,2-35,34,34,14,Chapter2_Section10.xlsx,Chapter2_Section10,15,Chapter 2 Section 10,21002,Which service record is required under Rule 021002(g)?,Authenticated past Record of Service,Private school testimonial only,Family history record only,Annual leave address,A,Authenticated past Record of Service,1,"Correct. Under PSR Rule 021002(g), an authenticated past Record of Service is required."
14,ch2-s10-p01,10,1,1,PSR Chapter 2 Section 10,Chapter 2 Section 10,Public Service Rules Chapter 2 practice quiz. Section 10.,2-35,34,34,15,Chapter2_Section10.xlsx,Chapter2_Section10,16,Chapter 2 Section 10,21002,"Under Rule 021002(h), which payroll-related evidence is required?",Evidence of union dues,Evidence of IPPIS registration and current pay slip,Evidence of medical treatment abroad,Evidence of casual leave,B,Evidence of IPPIS registration and current pay slip,1,"Correct. Under PSR Rule 021002(h), evidence of IPPIS registration and current pay slip is required."
14,ch2-s10-p01,10,1,1,PSR Chapter 2 Section 10,Chapter 2 Section 10,Public Service Rules Chapter 2 practice quiz. Section 10.,2-35,34,34,16,Chapter2_Section10.xlsx,Chapter2_Section10,17,Chapter 2 Section 10,21002,Which document is required for voluntary retirees only under Rule 021002(i)?,Original and photocopy of Acceptance of Voluntary Retirement Letter,Original and photocopy of marriage certificate,Original and photocopy of annual leave roster,Original and photocopy of disciplinary query,A,Original and photocopy of Acceptance of Voluntary Retirement Letter,1,"Correct. Under PSR Rule 021002(i), the original and photocopy of Acceptance of Voluntary Retirement Letter are required for voluntary retirees only."
14,ch2-s10-p01,10,1,1,PSR Chapter 2 Section 10,Chapter 2 Section 10,Public Service Rules Chapter 2 practice quiz. Section 10.,2-35,34,34,17,Chapter2_Section10.xlsx,Chapter2_Section10,18,Chapter 2 Section 10,21002,"Under Rule 021002(j), evidence of registration with Pension Fund Administrators must indicate what?",Annual Leave Number,Staff Union Code,Medical Board Number,"RSA Pension Identification Number, PIN",D,"RSA Pension Identification Number, PIN",1,"Correct. Under PSR Rule 021002(j), evidence of registration with Pension Fund Administrators must indicate the RSA Pension Identification Number, PIN."
14,ch2-s10-p01,10,1,1,PSR Chapter 2 Section 10,Chapter 2 Section 10,Public Service Rules Chapter 2 practice quiz. Section 10.,2-35,34,34,18,Chapter2_Section10.xlsx,Chapter2_Section10,19,Chapter 2 Section 10,21002,Which national identity evidence is required under Rule 021002(k)?,"Evidence of National Identification Number, NIN",Evidence of foreign visa,Evidence of Staff Union election,Evidence of medical referral,A,"Evidence of National Identification Number, NIN",1,"Correct. Under PSR Rule 021002(k), evidence of National Identification Number, NIN, is required."
14,ch2-s10-p01,10,1,1,PSR Chapter 2 Section 10,Chapter 2 Section 10,Public Service Rules Chapter 2 practice quiz. Section 10.,2-35,34,34,19,Chapter2_Section10.xlsx,Chapter2_Section10,20,Chapter 2 Section 10,21002,Which banking identity evidence is required under Rule 021002(l)?,Evidence of salary advance,Evidence of loan request,"Evidence of Bank Verification Number, BVN",Evidence of transport grant,C,"Evidence of Bank Verification Number, BVN",1,"Correct. Under PSR Rule 021002(l), evidence of Bank Verification Number, BVN, is required."
14,ch2-s10-p01,10,1,1,PSR Chapter 2 Section 10,Chapter 2 Section 10,Public Service Rules Chapter 2 practice quiz. Section 10.,2-35,34,34,20,Chapter2_Section10.xlsx,Chapter2_Section10,21,Chapter 2 Section 10,21002,Which attestation is required under Rule 021002(m)?,Staff Union Chairman’s Attestation,Pension Desk Officer’s Attestation,Medical Officer’s Attestation,Private Employer’s Attestation,B,Pension Desk Officer’s Attestation,1,"Correct. Under PSR Rule 021002(m), Pension Desk Officer’s Attestation is required."
14,ch2-s10-p01,10,1,1,PSR Chapter 2 Section 10,Chapter 2 Section 10,Public Service Rules Chapter 2 practice quiz. Section 10.,2-35,34,34,21,Chapter2_Section10.xlsx,Chapter2_Section10,22,Chapter 2 Section 10,21002,Which photograph requirement is listed under Rule 021002(n)?,One recent coloured passport,Two black-and-white group photographs,One family photograph,One office photograph,A,One recent coloured passport,1,"Correct. Under PSR Rule 021002(n), one recent coloured passport is required."
14,ch2-s10-p01,10,1,1,PSR Chapter 2 Section 10,Chapter 2 Section 10,Public Service Rules Chapter 2 practice quiz. Section 10.,2-35,34,34,22,Chapter2_Section10.xlsx,Chapter2_Section10,23,Chapter 2 Section 10,21002,Which document is required for deceased Officers under Rule 021002(o)?,Annual leave approval,Medical check-up certificate,Staff Union clearance,Stamped Death Certificate,D,Stamped Death Certificate,1,"Correct. Under PSR Rule 021002(o), a stamped Death Certificate is required for deceased Officers."
14,ch2-s10-p01,10,1,1,PSR Chapter 2 Section 10,Chapter 2 Section 10,Public Service Rules Chapter 2 practice quiz. Section 10.,2-35,34,34,23,Chapter2_Section10.xlsx,Chapter2_Section10,24,Chapter 2 Section 10,21002,"Under Rule 021002(p), the Certificate of Non-indebtedness relates to which obligations?",Federal Government Staff Housing Loans Board and any MDA Staff Multipurpose Cooperative Society,Only annual leave allowance,Only promotion examination fees,Only private family debts,A,Federal Government Staff Housing Loans Board and any MDA Staff Multipurpose Cooperative Society,1,"Correct. Under PSR Rule 021002(p), the Certificate of Non-indebtedness relates to the Federal Government Staff Housing Loans Board and any MDA Staff Multipurpose Cooperative Society."
14,ch2-s10-p01,10,1,1,PSR Chapter 2 Section 10,Chapter 2 Section 10,Public Service Rules Chapter 2 practice quiz. Section 10.,2-35,34,34,24,Chapter2_Section10.xlsx,Chapter2_Section10,25,Chapter 2 Section 10,21002,Who issues the Certificate of Non-indebtedness mentioned in Rule 021002(p)?,The Officer’s family,"The Office of the Head of the Civil Service of the Federation, OHCSF",The Staff Union,The private bank,B,"The Office of the Head of the Civil Service of the Federation, OHCSF",1,"Correct. Under PSR Rule 021002(p), the Certificate of Non-indebtedness is to be issued by the Office of the Head of the Civil Service of the Federation, OHCSF."
14,ch2-s10-p01,10,1,1,PSR Chapter 2 Section 10,Chapter 2 Section 10,Public Service Rules Chapter 2 practice quiz. Section 10.,2-35,34,34,25,Chapter2_Section10.xlsx,Chapter2_Section10,26,Chapter 2 Section 10,21002,Which option correctly lists examples of documents required for pension payment under Rule 021002?,"Gazetted publication of Letter of First Appointment, proof of age, last four Promotion Letters where applicable, IPPIS evidence, RSA PIN, NIN and BVN",Only annual leave forms and union dues receipt,Only medical check-up report and posting letter,Only certificate of service and casual leave form,A,"Gazetted publication of Letter of First Appointment, proof of age, last four Promotion Letters where applicable, IPPIS evidence, RSA PIN, NIN and BVN",1,"Correct. PSR Rule 021002 lists several documents for pension payment processing, including first appointment gazette, proof of age, promotion letters where applicable, IPPIS evidence, RSA PIN, NIN and BVN."
14,ch2-s10-p01,10,1,1,PSR Chapter 2 Section 10,Chapter 2 Section 10,Public Service Rules Chapter 2 practice quiz. Section 10.,2-35,34,34,26,Chapter2_Section10.xlsx,Chapter2_Section10,27,Chapter 2 Section 10,21003,"Under Rule 021003, are Departmental files and other documents not expressly mentioned in Rule 021002 still a condition for processing retirement benefits?","Yes, they remain compulsory in every case","Yes, but only after five years","No, they shall no longer be a condition","No, because retirement benefits are never processed",C,"No, they shall no longer be a condition",1,"Correct. Under PSR Rule 021003, forwarding Departmental files and other documents not expressly mentioned in Rule 021002 shall no longer be a condition for processing retirement benefits."
14,ch2-s10-p01,10,1,1,PSR Chapter 2 Section 10,Chapter 2 Section 10,Public Service Rules Chapter 2 practice quiz. Section 10.,2-35,34,34,27,Chapter2_Section10.xlsx,Chapter2_Section10,28,Chapter 2 Section 10,21003,"Under Rule 021003, retirement benefits shall be paid to the Officer within what period?",Within one month of retirement,Within one year of retirement,Within five years of retirement,Only after the Officer requests it,A,Within one month of retirement,1,"Correct. Under PSR Rule 021003, retirement benefits shall be paid to the Officer within one month of retirement."
14,ch2-s10-p01,10,1,1,PSR Chapter 2 Section 10,Chapter 2 Section 10,Public Service Rules Chapter 2 practice quiz. Section 10.,2-35,34,34,28,Chapter2_Section10.xlsx,Chapter2_Section10,29,Chapter 2 Section 10,21003,Which statement correctly reflects Rule 021003?,All Departmental files must always be forwarded before retirement benefits can be processed,Retirement benefits should be paid only after ten years,"Documents not mentioned in Rule 021002 are no longer a condition, and retirement benefits are to be paid within one month of retirement",Only Staff Union documents are required for retirement benefits,C,"Documents not mentioned in Rule 021002 are no longer a condition, and retirement benefits are to be paid within one month of retirement",1,"Correct. Under PSR Rule 021003, Departmental files and other documents not expressly mentioned in Rule 021002 are no longer a condition for processing retirement benefits, and benefits shall be paid within one month of retirement."
14,ch2-s10-p01,10,1,1,PSR Chapter 2 Section 10,Chapter 2 Section 10,Public Service Rules Chapter 2 practice quiz. Section 10.,2-35,34,34,29,Chapter2_Section10.xlsx,Chapter2_Section10,30,Chapter 2 Section 10,21003,Rule 021003 mainly addresses what issue?,Processing of retirement benefits,Recruitment examinations,Posting of Officers,Acting appointment,A,Processing of retirement benefits,1,Correct. PSR Rule 021003 deals with processing of retirement benefits and removes unlisted Departmental files or documents as a condition for processing.
14,ch2-s10-p01,10,1,1,PSR Chapter 2 Section 10,Chapter 2 Section 10,Public Service Rules Chapter 2 practice quiz. Section 10.,2-35,34,34,30,Chapter2_Section10.xlsx,Chapter2_Section10,31,Chapter 2 Section 10,21004,"Under Rule 021004, Officers who exit the Service shall access what contribution?",Annual leave contribution,Staff Union contribution,"National Housing Fund, NHF, contribution",Medical insurance contribution,C,"National Housing Fund, NHF, contribution",1,"Correct. Under PSR Rule 021004, Officers who exit the Service shall access their National Housing Fund, NHF, contributions."
14,ch2-s10-p01,10,1,1,PSR Chapter 2 Section 10,Chapter 2 Section 10,Public Service Rules Chapter 2 practice quiz. Section 10.,2-35,34,34,31,Chapter2_Section10.xlsx,Chapter2_Section10,32,Chapter 2 Section 10,21004,Within what period should Officers who exit the Service access their NHF contributions under Rule 021004?,Within one year of retirement,Within one month of retirement,Within five years of retirement,Only after receiving promotion,B,Within one month of retirement,1,"Correct. Under PSR Rule 021004, Officers who exit the Service shall access their National Housing Fund contributions within one month of retirement."
14,ch2-s10-p01,10,1,1,PSR Chapter 2 Section 10,Chapter 2 Section 10,Public Service Rules Chapter 2 practice quiz. Section 10.,2-35,34,34,32,Chapter2_Section10.xlsx,Chapter2_Section10,33,Chapter 2 Section 10,21004,Rule 021004 is specifically concerned with access to which fund?,The National Housing Fund,The Staff Union Fund,The Medical Treatment Fund,The Training Fund,A,The National Housing Fund,1,"Correct. PSR Rule 021004 specifically provides for accessing contributions to the National Housing Fund, NHF."
14,ch2-s10-p01,10,1,1,PSR Chapter 2 Section 10,Chapter 2 Section 10,Public Service Rules Chapter 2 practice quiz. Section 10.,2-35,34,34,33,Chapter2_Section10.xlsx,Chapter2_Section10,34,Chapter 2 Section 10,21004,Which statement correctly reflects Rule 021004?,Officers who exit the Service shall access their NHF contributions within one month of retirement,Officers must wait ten years to access NHF contributions,NHF contributions are forfeited after retirement,NHF contributions are replaced by annual leave allowance,A,Officers who exit the Service shall access their NHF contributions within one month of retirement,1,"Correct. Under PSR Rule 021004, Officers who exit the Service shall access their National Housing Fund contributions within one month of retirement."
14,ch2-s10-p01,10,1,1,PSR Chapter 2 Section 10,Chapter 2 Section 10,Public Service Rules Chapter 2 practice quiz. Section 10.,2-35,34,34,34,Chapter2_Section10.xlsx,Chapter2_Section10,35,Chapter 2 Section 10,021001-021004,"Which statement best summarises Chapter 2, Section 10 of the PSR?",It deals only with acting appointment,It regulates only promotion examinations,It deals only with certificate of service,"It covers mandatory participation in the Contributory Pension Scheme, requirements for pension payment, processing of retirement benefits and access to NHF contributions",D,"It covers mandatory participation in the Contributory Pension Scheme, requirements for pension payment, processing of retirement benefits and access to NHF contributions",1,"Correct. PSR Chapter 2, Section 10, Rules 021001 to 021004 cover mandatory contribution to pension scheme, pension payment requirements, processing of retirement benefits and access to National Housing Fund contributions."
15,ch2-s11-p01,11,1,1,PSR Chapter 2 Section 11,Chapter 2 Section 11,Public Service Rules Chapter 2 practice quiz. Section 11.,2-30,29,29,1,Chapter2_Section11.xlsx,Chapter2_Section11,2,Chapter 2 Section 11,21101,"Under Rule 021101, which Officers shall be issued a Certificate of Service on leaving the Service?",Only Officers on pensionable appointments,Only Officers on GL. 07 and above,"All Officers, including those of non-pensionable appointments",Only Officers who retire as Permanent Secretaries,C,"All Officers, including those of non-pensionable appointments",1,"Correct. Under PSR Chapter 2, Section 11, Rule 021101, all Officers, including those of non-pensionable appointments, shall be issued a Certificate of Service on leaving the Service."
15,ch2-s11-p01,11,1,1,PSR Chapter 2 Section 11,Chapter 2 Section 11,Public Service Rules Chapter 2 practice quiz. Section 11.,2-30,29,29,2,Chapter2_Section11.xlsx,Chapter2_Section11,3,Chapter 2 Section 11,21101,When is a Certificate of Service issued under Rule 021101?,On leaving the Service,Only at first appointment,Only during promotion interview,Only when an Officer is transferred,A,On leaving the Service,1,"Correct. Under PSR Rule 021101, the Certificate of Service is issued to an Officer on leaving the Service."
15,ch2-s11-p01,11,1,1,PSR Chapter 2 Section 11,Chapter 2 Section 11,Public Service Rules Chapter 2 practice quiz. Section 11.,2-30,29,29,3,Chapter2_Section11.xlsx,Chapter2_Section11,4,Chapter 2 Section 11,21101,What happens to the Official Identity Card of an Officer leaving the Service under Rule 021101?,It is retained permanently by the Officer,It is retrieved and replaced with a retiree Identity Card,It is converted into a promotion card,It is sent to the Staff Union,B,It is retrieved and replaced with a retiree Identity Card,1,"Correct. Under PSR Rule 021101, the Official Identity Card shall be retrieved and replaced with a retiree Identity Card."
15,ch2-s11-p01,11,1,1,PSR Chapter 2 Section 11,Chapter 2 Section 11,Public Service Rules Chapter 2 practice quiz. Section 11.,2-30,29,29,4,Chapter2_Section11.xlsx,Chapter2_Section11,5,Chapter 2 Section 11,21101,Who issues the retiree Identity Card mentioned in Rule 021101?,The Federal Civil Service Commission,The Staff Union,The Office of the Head of the Civil Service of the Federation,The Officer’s former Department,C,The Office of the Head of the Civil Service of the Federation,1,"Correct. Under PSR Rule 021101, the retiree Identity Card is issued by the Office of the Head of the Civil Service of the Federation."
15,ch2-s11-p01,11,1,1,PSR Chapter 2 Section 11,Chapter 2 Section 11,Public Service Rules Chapter 2 practice quiz. Section 11.,2-30,29,29,5,Chapter2_Section11.xlsx,Chapter2_Section11,6,Chapter 2 Section 11,21101,Which statement correctly reflects Rule 021101?,Only pensionable Officers receive Certificate of Service,"All Officers leaving the Service receive Certificate of Service, and their Official Identity Card is retrieved and replaced with retiree Identity Card",Only Officers who resign receive Certificate of Service,The Official Identity Card is never retrieved,B,"All Officers leaving the Service receive Certificate of Service, and their Official Identity Card is retrieved and replaced with retiree Identity Card",1,"Correct. PSR Rule 021101 provides that all Officers, including non-pensionable appointees, shall receive Certificate of Service on leaving the Service, while the Official Identity Card is retrieved and replaced with a retiree Identity Card issued by OHCSF."
15,ch2-s11-p01,11,1,1,PSR Chapter 2 Section 11,Chapter 2 Section 11,Public Service Rules Chapter 2 practice quiz. Section 11.,2-30,29,29,6,Chapter2_Section11.xlsx,Chapter2_Section11,7,Chapter 2 Section 11,21101,Does Rule 021101 exclude non-pensionable appointees from receiving Certificate of Service?,"Yes, non-pensionable appointees are excluded","No, non-pensionable appointees are expressly included","Yes, only confirmed pensionable Officers are included","Yes, only Officers on GL. 17 are included",B,"No, non-pensionable appointees are expressly included",1,"Correct. Under PSR Rule 021101, all Officers, including those of non-pensionable appointments, shall be issued Certificate of Service on leaving the Service."
15,ch2-s11-p01,11,1,1,PSR Chapter 2 Section 11,Chapter 2 Section 11,Public Service Rules Chapter 2 practice quiz. Section 11.,2-30,29,29,7,Chapter2_Section11.xlsx,Chapter2_Section11,8,Chapter 2 Section 11,21102,"Under Rule 021102, Certificate of Service for Officers holding senior posts on GL. 07 and above requires whose countersignature?","The Permanent Secretary of the retiring Officer and the Permanent Secretary, Federal Civil Service Commission",The Staff Union Chairman and the Officer’s Director,The Accountant-General and Auditor-General,The Officer’s supervisor only,A,"The Permanent Secretary of the retiring Officer and the Permanent Secretary, Federal Civil Service Commission",1,"Correct. Under PSR Rule 021102, Certificate of Service for Officers on GL. 07 and above requires the countersignature of the Permanent Secretary of the retiring Officer and the Permanent Secretary, Federal Civil Service Commission."
15,ch2-s11-p01,11,1,1,PSR Chapter 2 Section 11,Chapter 2 Section 11,Public Service Rules Chapter 2 practice quiz. Section 11.,2-30,29,29,8,Chapter2_Section11.xlsx,Chapter2_Section11,9,Chapter 2 Section 11,21102,"For Certificate of Service purposes, Officers on GL. 07 and above are treated as what category?",Junior post holders,Senior post holders,Contractors only,Non-staff visitors,B,Senior post holders,1,"Correct. Under PSR Rule 021102, Officers holding senior posts are those on GL. 07 and above for the purpose of Certificate of Service countersignature."
15,ch2-s11-p01,11,1,1,PSR Chapter 2 Section 11,Chapter 2 Section 11,Public Service Rules Chapter 2 practice quiz. Section 11.,2-30,29,29,9,Chapter2_Section11.xlsx,Chapter2_Section11,10,Chapter 2 Section 11,21102,"Under Rule 021102, Certificate of Service for Officers holding junior posts on GL. 06 and below requires countersignature by whom?",The Officer’s family head and Staff Union Chairman,"The Permanent Secretary of the retiring Officer and the Permanent Secretary, Career Management Office",The Accountant-General and Minister of Finance,The Director of Finance only,B,"The Permanent Secretary of the retiring Officer and the Permanent Secretary, Career Management Office",1,"Correct. Under PSR Rule 021102, Certificate of Service for Officers on GL. 06 and below requires the countersignature of the Permanent Secretary of the retiring Officer and the Permanent Secretary, Career Management Office."
15,ch2-s11-p01,11,1,1,PSR Chapter 2 Section 11,Chapter 2 Section 11,Public Service Rules Chapter 2 practice quiz. Section 11.,2-30,29,29,10,Chapter2_Section11.xlsx,Chapter2_Section11,11,Chapter 2 Section 11,21102,Which office countersigns Certificate of Service for senior post holders together with the Permanent Secretary of the retiring Officer?,Career Management Office,Federal Civil Service Commission,National Pension Commission,Staff Union Secretariat,B,Federal Civil Service Commission,1,"Correct. Under PSR Rule 021102, the Permanent Secretary, Federal Civil Service Commission countersigns Certificates of Service for Officers on GL. 07 and above together with the Permanent Secretary of the retiring Officer."
15,ch2-s11-p01,11,1,1,PSR Chapter 2 Section 11,Chapter 2 Section 11,Public Service Rules Chapter 2 practice quiz. Section 11.,2-30,29,29,11,Chapter2_Section11.xlsx,Chapter2_Section11,12,Chapter 2 Section 11,21102,Which office countersigns Certificate of Service for junior post holders together with the Permanent Secretary of the retiring Officer?,Career Management Office,Federal Civil Service Commission,National Pension Commission,Office of the Accountant-General,A,Career Management Office,1,"Correct. Under PSR Rule 021102, the Permanent Secretary, Career Management Office countersigns Certificates of Service for Officers on GL. 06 and below together with the Permanent Secretary of the retiring Officer."
15,ch2-s11-p01,11,1,1,PSR Chapter 2 Section 11,Chapter 2 Section 11,Public Service Rules Chapter 2 practice quiz. Section 11.,2-30,29,29,12,Chapter2_Section11.xlsx,Chapter2_Section11,13,Chapter 2 Section 11,21102,"Under Rule 021102, Officers holding junior posts are those on which grade levels?",GL. 15 to GL. 17 only,GL. 07 and above,GL. 06 and below,Permanent Secretary level only,C,GL. 06 and below,1,"Correct. Under PSR Rule 021102, Certificates of Service for Officers holding junior posts apply to Officers on GL. 06 and below."
15,ch2-s11-p01,11,1,1,PSR Chapter 2 Section 11,Chapter 2 Section 11,Public Service Rules Chapter 2 practice quiz. Section 11.,2-30,29,29,13,Chapter2_Section11.xlsx,Chapter2_Section11,14,Chapter 2 Section 11,21102,Which statement correctly distinguishes the countersignature authority under Rule 021102?,"GL. 07 and above require FCSC countersignature, while GL. 06 and below require Career Management Office countersignature","GL. 07 and above require Staff Union countersignature, while GL. 06 and below require family countersignature",All Officers require only the Accountant-General’s countersignature,No Certificate of Service requires countersignature,A,"GL. 07 and above require FCSC countersignature, while GL. 06 and below require Career Management Office countersignature",1,"Correct. Under PSR Rule 021102, senior post holders on GL. 07 and above require countersignature by the Permanent Secretary, Federal Civil Service Commission, while junior post holders on GL. 06 and below require countersignature by the Permanent Secretary, Career Management Office."
15,ch2-s11-p01,11,1,1,PSR Chapter 2 Section 11,Chapter 2 Section 11,Public Service Rules Chapter 2 practice quiz. Section 11.,2-30,29,29,14,Chapter2_Section11.xlsx,Chapter2_Section11,15,Chapter 2 Section 11,21103,What is the main purpose of issuing a Certificate of Service under Rule 021103?,To serve as a reference covering the holder’s Public Service when seeking other employment,To serve as a promotion letter,To replace the Officer’s pension documents,To act as a medical fitness certificate,A,To serve as a reference covering the holder’s Public Service when seeking other employment,1,"Correct. Under PSR Rule 021103, the main purpose of issuing a Certificate of Service is that it may be used as a reference covering the holder’s Public Service when seeking other employment."
15,ch2-s11-p01,11,1,1,PSR Chapter 2 Section 11,Chapter 2 Section 11,Public Service Rules Chapter 2 practice quiz. Section 11.,2-30,29,29,15,Chapter2_Section11.xlsx,Chapter2_Section11,16,Chapter 2 Section 11,21103,"When seeking other employment, what document may an ex-Officer use as reference under Rule 021103?",Certificate of Service,Annual leave roster,Medical treatment form,Posting instruction,A,Certificate of Service,1,"Correct. Under PSR Rule 021103, the Certificate of Service may be used as a reference when the holder is seeking other employment."
15,ch2-s11-p01,11,1,1,PSR Chapter 2 Section 11,Chapter 2 Section 11,Public Service Rules Chapter 2 practice quiz. Section 11.,2-30,29,29,16,Chapter2_Section11.xlsx,Chapter2_Section11,17,Chapter 2 Section 11,21103,The Certificate of Service under Rule 021103 covers what aspect of the holder’s career?,The holder’s Public Service,The holder’s private business,The holder’s family record,The holder’s political activities,A,The holder’s Public Service,1,"Correct. Under PSR Rule 021103, the Certificate of Service is a reference covering the holder’s Public Service."
15,ch2-s11-p01,11,1,1,PSR Chapter 2 Section 11,Chapter 2 Section 11,Public Service Rules Chapter 2 practice quiz. Section 11.,2-30,29,29,17,Chapter2_Section11.xlsx,Chapter2_Section11,18,Chapter 2 Section 11,21103,Which statement correctly reflects the objective of Certificate of Service under Rule 021103?,It is issued mainly to support future employment reference based on the holder’s Public Service,It is issued mainly as a disciplinary query,It is issued mainly as a leave approval letter,It is issued mainly as a pension payment voucher,A,It is issued mainly to support future employment reference based on the holder’s Public Service,1,"Correct. Under PSR Rule 021103, the Certificate of Service may be used as a reference covering the holder’s Public Service when seeking other employment."
15,ch2-s11-p01,11,1,1,PSR Chapter 2 Section 11,Chapter 2 Section 11,Public Service Rules Chapter 2 practice quiz. Section 11.,2-30,29,29,18,Chapter2_Section11.xlsx,Chapter2_Section11,19,Chapter 2 Section 11,21104,"Under Rule 021104, in how many copies shall the Certificate of Service be rendered?",One copy,Two copies,Triplicate,Five copies,C,Triplicate,1,"Correct. Under PSR Rule 021104, the Certificate of Service shall be rendered in triplicate on the approved forms."
15,ch2-s11-p01,11,1,1,PSR Chapter 2 Section 11,Chapter 2 Section 11,Public Service Rules Chapter 2 practice quiz. Section 11.,2-30,29,29,19,Chapter2_Section11.xlsx,Chapter2_Section11,20,Chapter 2 Section 11,21104,Which form is used for Certificate of Service for Officers on GL. 07 and above?,Form Gen. 58,Form Gen. 58A,Form L.10,Form FC. 2,A,Form Gen. 58,1,"Correct. Under PSR Rule 021104, Certificate of Service for Officers on GL. 07 and above is rendered on Form Gen. 58."
15,ch2-s11-p01,11,1,1,PSR Chapter 2 Section 11,Chapter 2 Section 11,Public Service Rules Chapter 2 practice quiz. Section 11.,2-30,29,29,20,Chapter2_Section11.xlsx,Chapter2_Section11,21,Chapter 2 Section 11,21104,Which form is used for Certificate of Service for Officers on GL. 06 and below?,Form Gen. 60,Form L.10,Form Gen. 58A,Form FC. 2,C,Form Gen. 58A,1,"Correct. Under PSR Rule 021104, Certificate of Service for Officers on GL. 06 and below is rendered on Form Gen. 58A."
15,ch2-s11-p01,11,1,1,PSR Chapter 2 Section 11,Chapter 2 Section 11,Public Service Rules Chapter 2 practice quiz. Section 11.,2-30,29,29,21,Chapter2_Section11.xlsx,Chapter2_Section11,22,Chapter 2 Section 11,21104,The approved Certificate of Service forms under Rule 021104 are used for which categories of Officers?,Only Permanent Secretaries,"Officers on GL. 07 and above, and Officers on GL. 06 and below",Only Officers on contract appointment,Only Officers on probation,B,"Officers on GL. 07 and above, and Officers on GL. 06 and below",1,"Correct. Under PSR Rule 021104, the approved forms apply to Officers on GL. 07 and above and Officers on GL. 06 and below."
15,ch2-s11-p01,11,1,1,PSR Chapter 2 Section 11,Chapter 2 Section 11,Public Service Rules Chapter 2 practice quiz. Section 11.,2-30,29,29,22,Chapter2_Section11.xlsx,Chapter2_Section11,23,Chapter 2 Section 11,21104,Which statement correctly matches the approved forms under Rule 021104?,"GL. 07 and above use Form Gen. 58, while GL. 06 and below use Form Gen. 58A","GL. 07 and above use Form L.10, while GL. 06 and below use Form FC. 2",All Officers use only Form Gen. 60,Only retired Permanent Secretaries use Certificate of Service forms,A,"GL. 07 and above use Form Gen. 58, while GL. 06 and below use Form Gen. 58A",1,"Correct. Under PSR Rule 021104, Certificate of Service is rendered in triplicate on Form Gen. 58 for Officers on GL. 07 and above, and Form Gen. 58A for Officers on GL. 06 and below."
15,ch2-s11-p01,11,1,1,PSR Chapter 2 Section 11,Chapter 2 Section 11,Public Service Rules Chapter 2 practice quiz. Section 11.,2-30,29,29,23,Chapter2_Section11.xlsx,Chapter2_Section11,24,Chapter 2 Section 11,21105,"Under Rule 021105, when should action to complete the issue of Certificate of Service be taken?",In time for the Certificate to be handed to the recipient before he proceeds on leave prior to leaving the Service,Only after the Officer has left the Service for five years,Only after pension is fully paid,Only during the next promotion exercise,A,In time for the Certificate to be handed to the recipient before he proceeds on leave prior to leaving the Service,1,"Correct. Under PSR Rule 021105, action to complete the issue of Certificate of Service should be taken in time for the Certificate to be handed to the recipient before he proceeds on leave prior to leaving the Service."
15,ch2-s11-p01,11,1,1,PSR Chapter 2 Section 11,Chapter 2 Section 11,Public Service Rules Chapter 2 practice quiz. Section 11.,2-30,29,29,24,Chapter2_Section11.xlsx,Chapter2_Section11,25,Chapter 2 Section 11,21105,What should not form part of the Certificate of Service under Rule 021105?,Adverse comment,The Officer’s name,The approved form,The service reference,A,Adverse comment,1,"Correct. Under PSR Rule 021105, adverse comment should not form part of the Certificate of Service."
15,ch2-s11-p01,11,1,1,PSR Chapter 2 Section 11,Chapter 2 Section 11,Public Service Rules Chapter 2 practice quiz. Section 11.,2-30,29,29,25,Chapter2_Section11.xlsx,Chapter2_Section11,26,Chapter 2 Section 11,21105,"If there is an issue other than the Certificate of Service, how should it be handled under Rule 021105?",It should be inserted as adverse comment in the Certificate,It should be treated differently from the Certificate of Service,It should be ignored forever,It should be published on the Certificate,B,It should be treated differently from the Certificate of Service,1,"Correct. Under PSR Rule 021105, any other issue other than the Certificate of Service ought to be treated differently."
15,ch2-s11-p01,11,1,1,PSR Chapter 2 Section 11,Chapter 2 Section 11,Public Service Rules Chapter 2 practice quiz. Section 11.,2-30,29,29,26,Chapter2_Section11.xlsx,Chapter2_Section11,27,Chapter 2 Section 11,21105,"Before an Officer leaves the Service, what must have happened if there is another issue requiring punishment under Rule 021105?",The Officer must have been punished following due process,The Officer must automatically be denied Certificate of Service,The Officer’s Certificate must contain adverse comment,The Officer’s retiree identity card must be withheld permanently,A,The Officer must have been punished following due process,1,"Correct. Under PSR Rule 021105, any other issue must be treated separately, and the Officer must have been punished before leaving the Service, following due process."
15,ch2-s11-p01,11,1,1,PSR Chapter 2 Section 11,Chapter 2 Section 11,Public Service Rules Chapter 2 practice quiz. Section 11.,2-30,29,29,27,Chapter2_Section11.xlsx,Chapter2_Section11,28,Chapter 2 Section 11,21105,Which statement correctly reflects the timing rule in Rule 021105?,The Certificate of Service should be completed before the recipient proceeds on leave prior to leaving the Service,The Certificate of Service should only be issued ten years after retirement,The Certificate of Service should be completed only after court action,The Certificate of Service should be issued only after the Officer requests it,A,The Certificate of Service should be completed before the recipient proceeds on leave prior to leaving the Service,1,"Correct. Under PSR Rule 021105, action should be taken in time for the Certificate to be handed to the recipient before he proceeds on leave prior to leaving the Service."
15,ch2-s11-p01,11,1,1,PSR Chapter 2 Section 11,Chapter 2 Section 11,Public Service Rules Chapter 2 practice quiz. Section 11.,2-30,29,29,28,Chapter2_Section11.xlsx,Chapter2_Section11,29,Chapter 2 Section 11,21105,Which statement correctly reflects the treatment of adverse comments under Rule 021105?,Adverse comments may freely be inserted in the Certificate of Service,Adverse comments should not form part of Certificate of Service,Adverse comments must replace the approved form,Adverse comments are required for all retirees,B,Adverse comments should not form part of Certificate of Service,1,"Correct. Under PSR Rule 021105, adverse comment should not form part of the Certificate of Service."
15,ch2-s11-p01,11,1,1,PSR Chapter 2 Section 11,Chapter 2 Section 11,Public Service Rules Chapter 2 practice quiz. Section 11.,2-30,29,29,29,Chapter2_Section11.xlsx,Chapter2_Section11,30,Chapter 2 Section 11,021101-021105,"Which statement best summarises Chapter 2, Section 11 of the PSR?","It regulates Certificate of Service, including who receives it, retiree identity card replacement, countersignature authority, objective, approved forms, timing, and exclusion of adverse comments",It deals only with pension contribution,It deals only with acting appointment,It deals only with promotion examination,A,"It regulates Certificate of Service, including who receives it, retiree identity card replacement, countersignature authority, objective, approved forms, timing, and exclusion of adverse comments",1,"Correct. PSR Chapter 2, Section 11, Rules 021101 to 021105 cover Certificate of Service, including application to all Officers leaving Service, retrieval and replacement of Official Identity Card, countersignature authority, objective, approved forms, timing of issuance, and exclusion of adverse comments."
16,ch2-s12-p01,12,1,2,PSR Chapter 2 Section 12 - Part 1,Chapter 2 Section 12 - Part 1,"Public Service Rules Chapter 2 practice quiz. Section 12, Part 1 of 2.",2-32,31,31,1,Chapter2_Section12.xlsx,Chapter2_Section12,2,Chapter 2 Section 12,21201,"Under Rule 021201, the term of engagement of a person on non-pensionable appointment is expressed as what?",A permanent term until retirement,“X” years commencing from the date of assumption of duty,A probationary period of two years only,A term ending on the date of interview,B,“X” years commencing from the date of assumption of duty,1,"Correct. Under PSR Chapter 2, Section 12, Rule 021201, the term of engagement of the person engaged is “X” years commencing from the date of assumption of duty."
16,ch2-s12-p01,12,1,2,PSR Chapter 2 Section 12 - Part 1,Chapter 2 Section 12 - Part 1,"Public Service Rules Chapter 2 practice quiz. Section 12, Part 1 of 2.",2-32,31,31,2,Chapter2_Section12.xlsx,Chapter2_Section12,3,Chapter 2 Section 12,21201,From what date does the term of engagement commence under Rule 021201?,The date of first promotion,The date of medical examination,The date of publication in a newspaper,The date of assumption of duty,D,The date of assumption of duty,1,"Correct. Under PSR Rule 021201, the term of engagement commences from the date of assumption of duty."
16,ch2-s12-p01,12,1,2,PSR Chapter 2 Section 12 - Part 1,Chapter 2 Section 12 - Part 1,"Public Service Rules Chapter 2 practice quiz. Section 12, Part 1 of 2.",2-32,31,31,3,Chapter2_Section12.xlsx,Chapter2_Section12,4,Chapter 2 Section 12,21201,Rule 021201 deals mainly with which issue?,Term of engagement,Dismissal for misconduct,Severance allowance,Travelling allowance,A,Term of engagement,1,Correct. PSR Rule 021201 deals with the term of engagement for non-pensionable appointment.
16,ch2-s12-p01,12,1,2,PSR Chapter 2 Section 12 - Part 1,Chapter 2 Section 12 - Part 1,"Public Service Rules Chapter 2 practice quiz. Section 12, Part 1 of 2.",2-32,31,31,4,Chapter2_Section12.xlsx,Chapter2_Section12,5,Chapter 2 Section 12,21202,"Under Rule 021202, when is the term of engagement deemed completed?",On the date of appointment letter,When any leave granted in respect of the tour of service expires,On the date of first salary payment,Immediately after three months of service,B,When any leave granted in respect of the tour of service expires,1,"Correct. Under PSR Rule 021202, the term of engagement is deemed completed on the date any leave granted in respect of that tour of service expires."
16,ch2-s12-p01,12,1,2,PSR Chapter 2 Section 12 - Part 1,Chapter 2 Section 12 - Part 1,"Public Service Rules Chapter 2 practice quiz. Section 12, Part 1 of 2.",2-32,31,31,5,Chapter2_Section12.xlsx,Chapter2_Section12,6,Chapter 2 Section 12,21202,Which leave is relevant to completion of term under Rule 021202?,Leave granted in respect of the tour of service,Casual leave taken before appointment,Leave taken by another Officer,Leave refused by Government,A,Leave granted in respect of the tour of service,1,"Correct. Under PSR Rule 021202, completion of the term is tied to the expiry of leave granted in respect of the tour of service."
16,ch2-s12-p01,12,1,2,PSR Chapter 2 Section 12 - Part 1,Chapter 2 Section 12 - Part 1,"Public Service Rules Chapter 2 practice quiz. Section 12, Part 1 of 2.",2-32,31,31,6,Chapter2_Section12.xlsx,Chapter2_Section12,7,Chapter 2 Section 12,21202,Which statement correctly reflects Rule 021202?,The term ends only when the Officer resigns,The term is completed when leave granted for the tour of service expires,The term ends only after retirement at age 60,The term ends when the Staff Union approves it,B,The term is completed when leave granted for the tour of service expires,1,"Correct. Under PSR Rule 021202, the term of engagement is deemed completed when any leave granted in respect of the tour of service expires."
16,ch2-s12-p01,12,1,2,PSR Chapter 2 Section 12 - Part 1,Chapter 2 Section 12 - Part 1,"Public Service Rules Chapter 2 practice quiz. Section 12, Part 1 of 2.",2-32,31,31,7,Chapter2_Section12.xlsx,Chapter2_Section12,8,Chapter 2 Section 12,21203,"Under Rule 021203, the duties of the person engaged include what?",Only duties personally chosen by the person engaged,Only political activities,The usual duties of the office and any other duties Government may call upon him to perform,Only duties outside Government service,C,The usual duties of the office and any other duties Government may call upon him to perform,1,"Correct. Under PSR Rule 021203, the duties include the usual duties of the office to which the person is appointed and any other duties Government may call upon him to perform."
16,ch2-s12-p01,12,1,2,PSR Chapter 2 Section 12 - Part 1,Chapter 2 Section 12 - Part 1,"Public Service Rules Chapter 2 practice quiz. Section 12, Part 1 of 2.",2-32,31,31,8,Chapter2_Section12.xlsx,Chapter2_Section12,9,Chapter 2 Section 12,21203,Who may call upon the person engaged to perform other duties under Rule 021203?,The Staff Union,The Government,The person’s family,A private employer,B,The Government,1,"Correct. Under PSR Rule 021203, Government may call upon the person engaged to perform other duties."
16,ch2-s12-p01,12,1,2,PSR Chapter 2 Section 12 - Part 1,Chapter 2 Section 12 - Part 1,"Public Service Rules Chapter 2 practice quiz. Section 12, Part 1 of 2.",2-32,31,31,9,Chapter2_Section12.xlsx,Chapter2_Section12,10,Chapter 2 Section 12,21203,Rule 021203 is mainly concerned with what?,Duties of the person engaged,Severance allowance,Medical fitness certificate,Termination notice,A,Duties of the person engaged,1,Correct. PSR Rule 021203 provides for the duties of the person engaged under a non-pensionable appointment.
16,ch2-s12-p01,12,1,2,PSR Chapter 2 Section 12 - Part 1,Chapter 2 Section 12 - Part 1,"Public Service Rules Chapter 2 practice quiz. Section 12, Part 1 of 2.",2-32,31,31,10,Chapter2_Section12.xlsx,Chapter2_Section12,11,Chapter 2 Section 12,21204,"Under Rule 021204, may the person engaged be directly or indirectly engaged in another service or business?","Yes, without restriction","Yes, if the business is profitable","No, he shall not be engaged in or concerned with any other service or business","Yes, if he informs a colleague",C,"No, he shall not be engaged in or concerned with any other service or business",1,"Correct. Under PSR Rule 021204, the person engaged shall not, directly or indirectly, be engaged in or concerned with any other service or business whatsoever."
16,ch2-s12-p01,12,1,2,PSR Chapter 2 Section 12 - Part 1,Chapter 2 Section 12 - Part 1,"Public Service Rules Chapter 2 practice quiz. Section 12, Part 1 of 2.",2-32,31,31,11,Chapter2_Section12.xlsx,Chapter2_Section12,12,Chapter 2 Section 12,21204,What does Rule 021204 say about receiving commission or profits?,The person engaged may receive commission freely,The person engaged may receive profits from any business,The person engaged may receive commission only from suppliers,The person engaged shall not receive commission or profits of any kind,D,The person engaged shall not receive commission or profits of any kind,1,"Correct. Under PSR Rule 021204, the person engaged shall not receive commission or profits of any kind."
16,ch2-s12-p01,12,1,2,PSR Chapter 2 Section 12 - Part 1,Chapter 2 Section 12 - Part 1,"Public Service Rules Chapter 2 practice quiz. Section 12, Part 1 of 2.",2-32,31,31,12,Chapter2_Section12.xlsx,Chapter2_Section12,13,Chapter 2 Section 12,21204,"Under Rule 021204, to what must the person engaged devote his whole time and attention?",Private business,The Service of the Government,Staff Union elections,Personal commercial ventures,B,The Service of the Government,1,"Correct. Under PSR Rule 021204, the person engaged must devote the whole of his time and attention to the Service of the Government."
16,ch2-s12-p01,12,1,2,PSR Chapter 2 Section 12 - Part 1,Chapter 2 Section 12 - Part 1,"Public Service Rules Chapter 2 practice quiz. Section 12, Part 1 of 2.",2-32,31,31,13,Chapter2_Section12.xlsx,Chapter2_Section12,14,Chapter 2 Section 12,21204,Which rules must the person engaged conform to under Rule 021204?,Public Service Rules of the Government,Private company rules only,Family rules only,Staff club rules,A,Public Service Rules of the Government,1,"Correct. Under PSR Rule 021204, the person engaged shall conform to the Public Service Rules of the Government."
16,ch2-s12-p01,12,1,2,PSR Chapter 2 Section 12 - Part 1,Chapter 2 Section 12 - Part 1,"Public Service Rules Chapter 2 practice quiz. Section 12, Part 1 of 2.",2-32,31,31,14,Chapter2_Section12.xlsx,Chapter2_Section12,15,Chapter 2 Section 12,21204,Which statement best summarises Rule 021204?,The person engaged may run any business while in Government service,"The person engaged must avoid other service or business, must not receive commissions or profits, must devote full attention to Government service and must conform to the PSR",The person engaged is exempt from the PSR,The person engaged may divide official time with private employment,B,"The person engaged must avoid other service or business, must not receive commissions or profits, must devote full attention to Government service and must conform to the PSR",1,"Correct. PSR Rule 021204 requires the person engaged to avoid other service or business, avoid commissions or profits, devote full time to Government service and conform to the Public Service Rules."
16,ch2-s12-p01,12,1,2,PSR Chapter 2 Section 12 - Part 1,Chapter 2 Section 12 - Part 1,"Public Service Rules Chapter 2 practice quiz. Section 12, Part 1 of 2.",2-32,31,31,15,Chapter2_Section12.xlsx,Chapter2_Section12,16,Chapter 2 Section 12,21205,"Under Rule 021205, the term “emolument” includes what where payable under the agreement?",Contract addition,Severance allowance only,Medical certificate fee,Transport refund,A,Contract addition,1,"Correct. Under PSR Rule 021205, “emolument” includes contract addition where this is payable under the agreement, except in Rule 021206."
16,ch2-s12-p01,12,1,2,PSR Chapter 2 Section 12 - Part 1,Chapter 2 Section 12 - Part 1,"Public Service Rules Chapter 2 practice quiz. Section 12, Part 1 of 2.",2-32,31,31,16,Chapter2_Section12.xlsx,Chapter2_Section12,17,Chapter 2 Section 12,21205,Rule 021205 states that the definition of “emolument” applies except in which rule?,Rule 021201,Rule 021206,Rule 021212,Rule 021214,B,Rule 021206,1,"Correct. Under PSR Rule 021205, the term “emolument” includes contract addition where payable, except in Rule 021206."
16,ch2-s12-p01,12,1,2,PSR Chapter 2 Section 12 - Part 1,Chapter 2 Section 12 - Part 1,"Public Service Rules Chapter 2 practice quiz. Section 12, Part 1 of 2.",2-32,31,31,17,Chapter2_Section12.xlsx,Chapter2_Section12,18,Chapter 2 Section 12,21205,From what date are increments of emoluments calculated under Rule 021205?,From the first day of the month in which the person engaged takes up appointment,From the last day of the leave year,From the date of retirement,From the date of dismissal,A,From the first day of the month in which the person engaged takes up appointment,1,"Correct. Under PSR Rule 021205(i), increments of emoluments, if any, are calculated from the first day of the month in which the person engaged takes up appointment."
16,ch2-s12-p01,12,1,2,PSR Chapter 2 Section 12 - Part 1,Chapter 2 Section 12 - Part 1,"Public Service Rules Chapter 2 practice quiz. Section 12, Part 1 of 2.",2-32,31,31,18,Chapter2_Section12.xlsx,Chapter2_Section12,19,Chapter 2 Section 12,21205,"Under Rule 021205, increments of emoluments shall not be granted unless what has been satisfactory?",Private business income,"Efficiency, conduct and diligence",Annual leave address,Staff Union membership,B,"Efficiency, conduct and diligence",1,"Correct. Under PSR Rule 021205(ii), increments shall not be granted unless the efficiency, conduct and diligence of the person engaged have been satisfactory during the preceding year."
16,ch2-s12-p01,12,1,2,PSR Chapter 2 Section 12 - Part 1,Chapter 2 Section 12 - Part 1,"Public Service Rules Chapter 2 practice quiz. Section 12, Part 1 of 2.",2-32,31,31,19,Chapter2_Section12.xlsx,Chapter2_Section12,20,Chapter 2 Section 12,21205,"The satisfactory efficiency, conduct and diligence required for increments under Rule 021205 must relate to what period?",The year preceding the engagement,The first week of appointment,The period after dismissal,Only the retirement month,A,The year preceding the engagement,1,"Correct. Under PSR Rule 021205(ii), increments depend on satisfactory efficiency, conduct and diligence during the year preceding the engagement."
16,ch2-s12-p01,12,1,2,PSR Chapter 2 Section 12 - Part 1,Chapter 2 Section 12 - Part 1,"Public Service Rules Chapter 2 practice quiz. Section 12, Part 1 of 2.",2-32,31,31,20,Chapter2_Section12.xlsx,Chapter2_Section12,21,Chapter 2 Section 12,21205,"Under Rule 021205, an increment shall not be withheld except on whose decision or recommendation?",The Permanent Secretary or Head of Extra-Ministerial Office,The Staff Union Chairman,The person engaged personally,A private employer,A,The Permanent Secretary or Head of Extra-Ministerial Office,1,"Correct. Under PSR Rule 021205(ii), an increment shall not be withheld except on the decision or recommendation of the Permanent Secretary or Head of Extra-Ministerial Office."
16,ch2-s12-p01,12,1,2,PSR Chapter 2 Section 12 - Part 1,Chapter 2 Section 12 - Part 1,"Public Service Rules Chapter 2 practice quiz. Section 12, Part 1 of 2.",2-32,31,31,21,Chapter2_Section12.xlsx,Chapter2_Section12,22,Chapter 2 Section 12,21206,"Under Rule 021206, when travelling on duty away from duty post, the person engaged is subject to what?",Only his personal travel plan,Such regulations on transport and travelling allowances as Government may decide,Private travel agency rules only,Unlimited travelling allowance,B,Such regulations on transport and travelling allowances as Government may decide,1,"Correct. Under PSR Rule 021206, when travelling on duty away from duty post, the person engaged is subject to Government regulations on transport and travelling allowances."
16,ch2-s12-p01,12,1,2,PSR Chapter 2 Section 12 - Part 1,Chapter 2 Section 12 - Part 1,"Public Service Rules Chapter 2 practice quiz. Section 12, Part 1 of 2.",2-32,31,31,22,Chapter2_Section12.xlsx,Chapter2_Section12,23,Chapter 2 Section 12,21206,Rule 021206 deals mainly with which subject?,Travelling allowances,Dismissal,Severance allowance,Further employment,A,Travelling allowances,1,Correct. PSR Rule 021206 deals with transport and travelling allowance provisions when the person engaged travels on duty away from duty post.
16,ch2-s12-p01,12,1,2,PSR Chapter 2 Section 12 - Part 1,Chapter 2 Section 12 - Part 1,"Public Service Rules Chapter 2 practice quiz. Section 12, Part 1 of 2.",2-32,31,31,23,Chapter2_Section12.xlsx,Chapter2_Section12,24,Chapter 2 Section 12,21206,Who decides the applicable regulations on transport and travelling allowances under Rule 021206?,The Government,The Staff Union,The person engaged alone,The family of the person engaged,A,The Government,1,"Correct. Under PSR Rule 021206, the applicable regulations are those the Government may decide."
16,ch2-s12-p01,12,1,2,PSR Chapter 2 Section 12 - Part 1,Chapter 2 Section 12 - Part 1,"Public Service Rules Chapter 2 practice quiz. Section 12, Part 1 of 2.",2-32,31,31,24,Chapter2_Section12.xlsx,Chapter2_Section12,25,Chapter 2 Section 12,21207,"Under Rule 021207, Government pays salary due where the person engaged resigns because of what?",Ill-health not caused by his own negligence,Private business loss,Refusal to obey orders,Desire to relocate without approval,A,Ill-health not caused by his own negligence,1,"Correct. Under PSR Rule 021207, where the person engaged is compelled by ill-health not caused by his own negligence to resign, Government pays salary due up to the relevant date."
16,ch2-s12-p01,12,1,2,PSR Chapter 2 Section 12 - Part 1,Chapter 2 Section 12 - Part 1,"Public Service Rules Chapter 2 practice quiz. Section 12, Part 1 of 2.",2-32,31,31,25,Chapter2_Section12.xlsx,Chapter2_Section12,26,Chapter 2 Section 12,21207,"Under Rule 021207, who may certify that the person engaged is incapable of rendering further efficient service?",A duly qualified Healthcare Provider employed by the Government,A private friend,A Staff Union official,A market association chairman,A,A duly qualified Healthcare Provider employed by the Government,1,"Correct. Under PSR Rule 021207, incapacity by infirmity of mind or body must be certified by a duly qualified Healthcare Provider employed by the Government."
16,ch2-s12-p01,12,1,2,PSR Chapter 2 Section 12 - Part 1,Chapter 2 Section 12 - Part 1,"Public Service Rules Chapter 2 practice quiz. Section 12, Part 1 of 2.",2-32,31,31,26,Chapter2_Section12.xlsx,Chapter2_Section12,27,Chapter 2 Section 12,21207,The incapacity mentioned in Rule 021207 may arise from what?,Infirmity of mind or body,Failure to attend a social event,Refusal to take annual leave,Delay in promotion,A,Infirmity of mind or body,1,"Correct. Under PSR Rule 021207, the relevant incapacity may arise from infirmity of mind or body rendering further efficient service impossible."
16,ch2-s12-p01,12,1,2,PSR Chapter 2 Section 12 - Part 1,Chapter 2 Section 12 - Part 1,"Public Service Rules Chapter 2 practice quiz. Section 12, Part 1 of 2.",2-32,31,31,27,Chapter2_Section12.xlsx,Chapter2_Section12,28,Chapter 2 Section 12,21207,"Where Rule 021207 applies, salary is payable up to which date?",The date of such resignation or the date the certificate is issued,The date of first appointment only,The date of interview,The date of union election,A,The date of such resignation or the date the certificate is issued,1,"Correct. Under PSR Rule 021207, Government pays such salary as may be due up to the date of resignation or the date on which the certificate was issued."
16,ch2-s12-p01,12,1,2,PSR Chapter 2 Section 12 - Part 1,Chapter 2 Section 12 - Part 1,"Public Service Rules Chapter 2 practice quiz. Section 12, Part 1 of 2.",2-32,31,31,28,Chapter2_Section12.xlsx,Chapter2_Section12,29,Chapter 2 Section 12,21207,Which condition would prevent reliance on ill-health under Rule 021207?,Ill-health caused by the person’s own negligence,Ill-health certified by Government Healthcare Provider,Infirmity of mind or body,Compelled resignation on health grounds,A,Ill-health caused by the person’s own negligence,1,"Correct. Under PSR Rule 021207, the ill-health must not be caused by the person engaged through his own negligence."
16,ch2-s12-p01,12,1,2,PSR Chapter 2 Section 12 - Part 1,Chapter 2 Section 12 - Part 1,"Public Service Rules Chapter 2 practice quiz. Section 12, Part 1 of 2.",2-32,31,31,29,Chapter2_Section12.xlsx,Chapter2_Section12,30,Chapter 2 Section 12,21208,"Under Rule 021208, what is conclusive evidence on whether resignation was compelled by ill-health?",A certificate of Medical Fitness duly signed by a qualified Government Healthcare Provider,A private letter from a colleague,A newspaper report,A Staff Union note,A,A certificate of Medical Fitness duly signed by a qualified Government Healthcare Provider,1,"Correct. Under PSR Rule 021208, a certificate of Medical Fitness duly signed by a qualified Healthcare Provider employed by the Government is conclusive evidence on whether resignation was compelled by ill-health."
16,ch2-s12-p01,12,1,2,PSR Chapter 2 Section 12 - Part 1,Chapter 2 Section 12 - Part 1,"Public Service Rules Chapter 2 practice quiz. Section 12, Part 1 of 2.",2-32,31,31,30,Chapter2_Section12.xlsx,Chapter2_Section12,31,Chapter 2 Section 12,21208,Who must sign the certificate of Medical Fitness under Rule 021208?,A qualified Healthcare Provider employed by the Government,The person engaged personally,A private business partner,The Staff Union Chairman,A,A qualified Healthcare Provider employed by the Government,1,"Correct. Under PSR Rule 021208, the certificate must be signed by a qualified Healthcare Provider employed by the Government."
16,ch2-s12-p01,12,1,2,PSR Chapter 2 Section 12 - Part 1,Chapter 2 Section 12 - Part 1,"Public Service Rules Chapter 2 practice quiz. Section 12, Part 1 of 2.",2-32,31,31,31,Chapter2_Section12.xlsx,Chapter2_Section12,32,Chapter 2 Section 12,21208,Rule 021208 is used to determine what question?,Whether the person engaged was compelled to resign by reason of ill-health,Whether the person engaged is due for promotion,Whether the person engaged should receive transport allowance,Whether the person engaged may join another business,A,Whether the person engaged was compelled to resign by reason of ill-health,1,"Correct. Under PSR Rule 021208, the certificate is conclusive evidence on whether the person engaged was compelled to resign by reason of ill-health."
17,ch2-s12-p02,12,2,2,PSR Chapter 2 Section 12 - Part 2,Chapter 2 Section 12 - Part 2,"Public Service Rules Chapter 2 practice quiz. Section 12, Part 2 of 2.",33-62,30,30,1,Chapter2_Section12.xlsx,Chapter2_Section12,33,Chapter 2 Section 12,21209,"Under Rule 021209, Government may dismiss the person engaged if he does what?",Neglects or refuses to perform duties or comply with any order,Takes approved leave,Receives salary due,Completes his tour satisfactorily,A,Neglects or refuses to perform duties or comply with any order,1,"Correct. Under PSR Rule 021209, Government may dismiss the person engaged if he neglects or refuses to perform duties or comply with any order."
17,ch2-s12-p02,12,2,2,PSR Chapter 2 Section 12 - Part 2,Chapter 2 Section 12 - Part 2,"Public Service Rules Chapter 2 practice quiz. Section 12, Part 2 of 2.",33-62,30,30,2,Chapter2_Section12.xlsx,Chapter2_Section12,34,Chapter 2 Section 12,21209,Which exception is recognized under Rule 021209 where the person is unable to perform duties?,Ill-health not caused by his own negligence,Private business pressure,Family request,Desire for promotion,A,Ill-health not caused by his own negligence,1,"Correct. Under PSR Rule 021209, inability to perform duties may be excused only where it is due to ill-health not caused by the person’s own negligence."
17,ch2-s12-p02,12,2,2,PSR Chapter 2 Section 12 - Part 2,Chapter 2 Section 12 - Part 2,"Public Service Rules Chapter 2 practice quiz. Section 12, Part 2 of 2.",33-62,30,30,3,Chapter2_Section12.xlsx,Chapter2_Section12,35,Chapter 2 Section 12,21209,"Under Rule 021209, disclosure of Government affairs to whom may lead to dismissal?",An unauthorized person,A Permanent Secretary,An authorized Government officer,A duly authorized superior,A,An unauthorized person,1,"Correct. Under PSR Rule 021209, disclosure of information in respect of Government affairs to any unauthorized person may lead to dismissal."
17,ch2-s12-p02,12,2,2,PSR Chapter 2 Section 12 - Part 2,Chapter 2 Section 12 - Part 2,"Public Service Rules Chapter 2 practice quiz. Section 12, Part 2 of 2.",33-62,30,30,4,Chapter2_Section12.xlsx,Chapter2_Section12,36,Chapter 2 Section 12,21209,"Under Rule 021209, what happens to rights and privileges accrued under the agreement upon dismissal?",They cease,They are doubled,They are converted into pension,They are transferred to the Staff Union,A,They cease,1,"Correct. Under PSR Rule 021209, upon dismissal, all rights and privileges accrued to the person engaged by the agreement shall cease."
17,ch2-s12-p02,12,2,2,PSR Chapter 2 Section 12 - Part 2,Chapter 2 Section 12 - Part 2,"Public Service Rules Chapter 2 practice quiz. Section 12, Part 2 of 2.",33-62,30,30,5,Chapter2_Section12.xlsx,Chapter2_Section12,37,Chapter 2 Section 12,21209,Which statement best summarises Rule 021209?,"Government may dismiss the person engaged for neglect, refusal of duty, failure to comply with orders, unauthorized disclosure or misconduct, and accrued rights and privileges cease",Government cannot dismiss a non-pensionable appointee,Government may dismiss only after retirement,Accrued rights continue after dismissal,A,"Government may dismiss the person engaged for neglect, refusal of duty, failure to comply with orders, unauthorized disclosure or misconduct, and accrued rights and privileges cease",1,"Correct. PSR Rule 021209 allows dismissal for neglect, refusal of duty, failure to comply with orders, unauthorized disclosure or misconduct, and provides that accrued rights and privileges under the agreement cease upon dismissal."
17,ch2-s12-p02,12,2,2,PSR Chapter 2 Section 12 - Part 2,Chapter 2 Section 12 - Part 2,"Public Service Rules Chapter 2 practice quiz. Section 12, Part 2 of 2.",33-62,30,30,6,Chapter2_Section12.xlsx,Chapter2_Section12,38,Chapter 2 Section 12,21210,"Under Rule 021210, Government may terminate the engagement by giving what notice?",Three months’ notice in writing,One week’s verbal notice,One year’s public notice,Six months’ notice by newspaper,A,Three months’ notice in writing,1,"Correct. Under PSR Rule 021210(i), Government may terminate the engagement by giving three months’ notice in writing."
17,ch2-s12-p02,12,2,2,PSR Chapter 2 Section 12 - Part 2,Chapter 2 Section 12 - Part 2,"Public Service Rules Chapter 2 practice quiz. Section 12, Part 2 of 2.",33-62,30,30,7,Chapter2_Section12.xlsx,Chapter2_Section12,39,Chapter 2 Section 12,21210,"Instead of giving three months’ notice, what may Government pay under Rule 021210?",One month’s salary in lieu of notice,Six months’ salary as bonus,Severance allowance only,Transport allowance only,A,One month’s salary in lieu of notice,1,"Correct. Under PSR Rule 021210(i), Government may terminate by giving three months’ notice in writing or by paying one month’s salary in lieu of notice."
17,ch2-s12-p02,12,2,2,PSR Chapter 2 Section 12 - Part 2,Chapter 2 Section 12 - Part 2,"Public Service Rules Chapter 2 practice quiz. Section 12, Part 2 of 2.",33-62,30,30,8,Chapter2_Section12.xlsx,Chapter2_Section12,40,Chapter 2 Section 12,21210,After what period of service may the person engaged terminate his engagement under Rule 021210?,After expiration of three months of service,After one week of service,Only after thirty-five years,Only after becoming pensionable,A,After expiration of three months of service,1,"Correct. Under PSR Rule 021210(ii), the person engaged may terminate his engagement at any time after the expiration of three months of service."
17,ch2-s12-p02,12,2,2,PSR Chapter 2 Section 12 - Part 2,Chapter 2 Section 12 - Part 2,"Public Service Rules Chapter 2 practice quiz. Section 12, Part 2 of 2.",33-62,30,30,9,Chapter2_Section12.xlsx,Chapter2_Section12,41,Chapter 2 Section 12,21210,How may the person engaged terminate his engagement after three months of service under Rule 021210?,By giving Government three months’ notice in writing or paying Government one month’s salary in lieu of notice,By sending a verbal message to a colleague,By refusing duty without notice,By applying for promotion,A,By giving Government three months’ notice in writing or paying Government one month’s salary in lieu of notice,1,"Correct. Under PSR Rule 021210(ii), the person engaged may terminate by giving Government three months’ notice in writing or paying Government one month’s salary in lieu of notice."
17,ch2-s12-p02,12,2,2,PSR Chapter 2 Section 12 - Part 2,Chapter 2 Section 12 - Part 2,"Public Service Rules Chapter 2 practice quiz. Section 12, Part 2 of 2.",33-62,30,30,10,Chapter2_Section12.xlsx,Chapter2_Section12,42,Chapter 2 Section 12,21210,Which statement correctly reflects termination under Rule 021210?,Both Government and the person engaged have notice or salary-in-lieu options under the rule,Only the Staff Union may terminate the engagement,The person engaged can terminate only after retirement,Government must always give one year’s notice,A,Both Government and the person engaged have notice or salary-in-lieu options under the rule,1,"Correct. Under PSR Rule 021210, Government may terminate by three months’ written notice or one month’s salary in lieu, and the person engaged may also terminate after three months’ service by three months’ written notice or one month’s salary in lieu."
17,ch2-s12-p02,12,2,2,PSR Chapter 2 Section 12 - Part 2,Chapter 2 Section 12 - Part 2,"Public Service Rules Chapter 2 practice quiz. Section 12, Part 2 of 2.",33-62,30,30,11,Chapter2_Section12.xlsx,Chapter2_Section12,43,Chapter 2 Section 12,21211,"Under Rule 021211, pecuniary damage may arise from disregarding or failing to comply with what?","Any order, standing order or departmental instruction",Private family advice,Staff club rules,Personal preference,A,"Any order, standing order or departmental instruction",1,"Correct. Under PSR Rule 021211, pecuniary damage may arise from disregarding or failing to comply with any order, standing order or departmental instruction, or from neglect of duty."
17,ch2-s12-p02,12,2,2,PSR Chapter 2 Section 12 - Part 2,Chapter 2 Section 12 - Part 2,"Public Service Rules Chapter 2 practice quiz. Section 12, Part 2 of 2.",33-62,30,30,12,Chapter2_Section12.xlsx,Chapter2_Section12,44,Chapter 2 Section 12,21211,"Under Rule 021211, pecuniary damage may also arise from what on the part of the person engaged?",Neglect of duty,Completion of tour of service,Satisfactory conduct,Approved leave,A,Neglect of duty,1,"Correct. Under PSR Rule 021211, pecuniary damage arising from neglect of duty may make the person engaged liable to salary deduction."
17,ch2-s12-p02,12,2,2,PSR Chapter 2 Section 12 - Part 2,Chapter 2 Section 12 - Part 2,"Public Service Rules Chapter 2 practice quiz. Section 12, Part 2 of 2.",33-62,30,30,13,Chapter2_Section12.xlsx,Chapter2_Section12,45,Chapter 2 Section 12,21211,What may be deducted under Rule 021211 to make good pecuniary damage?,Salary of the person engaged,Annual leave balance,Promotion score,Medical certificate,A,Salary of the person engaged,1,"Correct. Under PSR Rule 021211, the person engaged may be liable to a deduction from salary to make good the damage or part of it."
17,ch2-s12-p02,12,2,2,PSR Chapter 2 Section 12 - Part 2,Chapter 2 Section 12 - Part 2,"Public Service Rules Chapter 2 practice quiz. Section 12, Part 2 of 2.",33-62,30,30,14,Chapter2_Section12.xlsx,Chapter2_Section12,46,Chapter 2 Section 12,21211,Who fixes the amount to be deducted for pecuniary damage under Rule 021211?,The Permanent Secretary or Head of Extra-Ministerial Office,The Staff Union Chairman,The person engaged alone,The private employer,A,The Permanent Secretary or Head of Extra-Ministerial Office,1,"Correct. Under PSR Rule 021211, the amount to be deducted is fixed by the Permanent Secretary or Head of Extra-Ministerial Office."
17,ch2-s12-p02,12,2,2,PSR Chapter 2 Section 12 - Part 2,Chapter 2 Section 12 - Part 2,"Public Service Rules Chapter 2 practice quiz. Section 12, Part 2 of 2.",33-62,30,30,15,Chapter2_Section12.xlsx,Chapter2_Section12,47,Chapter 2 Section 12,21212,"Under Rule 021212, when must the person engaged give written notice if he desires to remain in Government employment?",Four months before the date of expiration of the agreement,One week after expiration,Only after dismissal,At any time after retirement,A,Four months before the date of expiration of the agreement,1,"Correct. Under PSR Rule 021212, four months before the expiration of the agreement, the person engaged must give written notice to Government stating his desire to remain in employment."
17,ch2-s12-p02,12,2,2,PSR Chapter 2 Section 12 - Part 2,Chapter 2 Section 12 - Part 2,"Public Service Rules Chapter 2 practice quiz. Section 12, Part 2 of 2.",33-62,30,30,16,Chapter2_Section12.xlsx,Chapter2_Section12,48,Chapter 2 Section 12,21212,The written notice under Rule 021212 states what?,The desire to remain in Government employment,The desire to receive dismissal,The desire to avoid the PSR,The desire to disclose Government information,A,The desire to remain in Government employment,1,"Correct. Under PSR Rule 021212, the written notice must state the person’s desire to remain in Government employment."
17,ch2-s12-p02,12,2,2,PSR Chapter 2 Section 12 - Part 2,Chapter 2 Section 12 - Part 2,"Public Service Rules Chapter 2 practice quiz. Section 12, Part 2 of 2.",33-62,30,30,17,Chapter2_Section12.xlsx,Chapter2_Section12,49,Chapter 2 Section 12,21212,"After receiving the notice under Rule 021212, what does Government decide?",Whether it will offer further employment,Whether to grant maternity leave only,Whether to abolish the PSR,Whether to promote the Staff Union,A,Whether it will offer further employment,1,"Correct. Under PSR Rule 021212, Government decides whether it will offer the person engaged further employment."
17,ch2-s12-p02,12,2,2,PSR Chapter 2 Section 12 - Part 2,Chapter 2 Section 12 - Part 2,"Public Service Rules Chapter 2 practice quiz. Section 12, Part 2 of 2.",33-62,30,30,18,Chapter2_Section12.xlsx,Chapter2_Section12,50,Chapter 2 Section 12,21212,"If Government decides in favour of further employment under Rule 021212, re-engagement shall be on what basis?",Such terms and for such period as may be mutually agreed,Automatic permanent pensionable appointment,Unlimited tenure without terms,The same terms without negotiation,A,Such terms and for such period as may be mutually agreed,1,"Correct. Under PSR Rule 021212, if Government decides in favour, re-engagement is on such terms and for such period as may be mutually agreed."
17,ch2-s12-p02,12,2,2,PSR Chapter 2 Section 12 - Part 2,Chapter 2 Section 12 - Part 2,"Public Service Rules Chapter 2 practice quiz. Section 12, Part 2 of 2.",33-62,30,30,19,Chapter2_Section12.xlsx,Chapter2_Section12,51,Chapter 2 Section 12,21213,"Under Rule 021213, when is the person engaged eligible for severance allowance?",On satisfactory completion of a tour of service,On dismissal for misconduct,On refusal to perform duties,On unauthorized disclosure of Government information,A,On satisfactory completion of a tour of service,1,"Correct. Under PSR Rule 021213, the person engaged is eligible for severance allowance on satisfactory completion of a tour of service, subject to the stated conditions."
17,ch2-s12-p02,12,2,2,PSR Chapter 2 Section 12 - Part 2,Chapter 2 Section 12 - Part 2,"Public Service Rules Chapter 2 practice quiz. Section 12, Part 2 of 2.",33-62,30,30,20,Chapter2_Section12.xlsx,Chapter2_Section12,52,Chapter 2 Section 12,21213,What is the severance allowance rate under Rule 021213?,15 percent of basic salary,50 percent of total emoluments,One month’s transport allowance,100 percent of annual salary,A,15 percent of basic salary,1,"Correct. Under PSR Rule 021213, severance allowance is payable at the rate of 15 percent of basic salary."
17,ch2-s12-p02,12,2,2,PSR Chapter 2 Section 12 - Part 2,Chapter 2 Section 12 - Part 2,"Public Service Rules Chapter 2 practice quiz. Section 12, Part 2 of 2.",33-62,30,30,21,Chapter2_Section12.xlsx,Chapter2_Section12,53,Chapter 2 Section 12,21213,"Under Rule 021213, severance allowance is not payable if the engagement is terminated under which rule?",Rule 021210,Rule 021201,Rule 021208,Rule 021214,A,Rule 021210,1,"Correct. Under PSR Rule 021213, severance allowance is payable only if the engagement is not terminated as under Rule 021210."
17,ch2-s12-p02,12,2,2,PSR Chapter 2 Section 12 - Part 2,Chapter 2 Section 12 - Part 2,"Public Service Rules Chapter 2 practice quiz. Section 12, Part 2 of 2.",33-62,30,30,22,Chapter2_Section12.xlsx,Chapter2_Section12,54,Chapter 2 Section 12,21213,Which further condition affects eligibility for severance allowance under Rule 021213?,"The person engaged must not be in receipt of, or eligible for, any other retiring benefits",The person engaged must be a Staff Union officer,The person engaged must have refused all duties,The person engaged must have disclosed Government information,A,"The person engaged must not be in receipt of, or eligible for, any other retiring benefits",1,"Correct. Under PSR Rule 021213, severance allowance is payable only if the person engaged is not in receipt of, nor eligible for, any other retiring benefits."
17,ch2-s12-p02,12,2,2,PSR Chapter 2 Section 12 - Part 2,Chapter 2 Section 12 - Part 2,"Public Service Rules Chapter 2 practice quiz. Section 12, Part 2 of 2.",33-62,30,30,23,Chapter2_Section12.xlsx,Chapter2_Section12,55,Chapter 2 Section 12,21213,Which statement correctly summarises Rule 021213?,"Severance allowance is 15 percent of basic salary on satisfactory completion of tour, provided the engagement was not terminated under Rule 021210 and no other retiring benefit is received or receivable",Severance allowance is automatic after dismissal,Severance allowance is paid only to pensionable Officers,Severance allowance is always 100 percent of salary,A,"Severance allowance is 15 percent of basic salary on satisfactory completion of tour, provided the engagement was not terminated under Rule 021210 and no other retiring benefit is received or receivable",1,"Correct. PSR Rule 021213 provides for severance allowance at 15 percent of basic salary on satisfactory completion of a tour of service, provided the engagement was not terminated under Rule 021210 and the person is not receiving or eligible for other retiring benefits."
17,ch2-s12-p02,12,2,2,PSR Chapter 2 Section 12 - Part 2,Chapter 2 Section 12 - Part 2,"Public Service Rules Chapter 2 practice quiz. Section 12, Part 2 of 2.",33-62,30,30,24,Chapter2_Section12.xlsx,Chapter2_Section12,56,Chapter 2 Section 12,21214,"Under Rule 021214, is leave of absence a legal right included in the contract?","Yes, it is an automatic legal right","No, it is not a legal right included in the contract","Yes, but only for senior Officers","Yes, but only after dismissal",B,"No, it is not a legal right included in the contract",1,"Correct. Under PSR Rule 021214, leave of absence is not a legal right included in the contract."
17,ch2-s12-p02,12,2,2,PSR Chapter 2 Section 12 - Part 2,Chapter 2 Section 12 - Part 2,"Public Service Rules Chapter 2 practice quiz. Section 12, Part 2 of 2.",33-62,30,30,25,Chapter2_Section12.xlsx,Chapter2_Section12,57,Chapter 2 Section 12,21214,"Under Rule 021214, leave may be granted after which event?",After a tour of service,After misconduct,After unauthorized disclosure,After refusal to obey orders,A,After a tour of service,1,"Correct. Under PSR Rule 021214, leave may be granted after a tour of service, subject to the applicable rules and exigencies of the Public Service."
17,ch2-s12-p02,12,2,2,PSR Chapter 2 Section 12 - Part 2,Chapter 2 Section 12 - Part 2,"Public Service Rules Chapter 2 practice quiz. Section 12, Part 2 of 2.",33-62,30,30,26,Chapter2_Section12.xlsx,Chapter2_Section12,58,Chapter 2 Section 12,21214,"Under Rule 021214, leave may also be granted if the person engaged is declared what before completing the tour?",Invalid,Promoted,Transferred,Dismissed,A,Invalid,1,"Correct. Under PSR Rule 021214, leave may be granted if the person engaged is declared invalid before completing the tour."
17,ch2-s12-p02,12,2,2,PSR Chapter 2 Section 12 - Part 2,Chapter 2 Section 12 - Part 2,"Public Service Rules Chapter 2 practice quiz. Section 12, Part 2 of 2.",33-62,30,30,27,Chapter2_Section12.xlsx,Chapter2_Section12,59,Chapter 2 Section 12,21214,Rule 021214 also allows leave where the engagement is terminated by reason of ill-health in accordance with which rule?,Rule 021207,Rule 021209,Rule 021211,Rule 021212,A,Rule 021207,1,"Correct. Under PSR Rule 021214, leave may be granted where the engagement is terminated by reason of ill-health in accordance with Rule 021207."
17,ch2-s12-p02,12,2,2,PSR Chapter 2 Section 12 - Part 2,Chapter 2 Section 12 - Part 2,"Public Service Rules Chapter 2 practice quiz. Section 12, Part 2 of 2.",33-62,30,30,28,Chapter2_Section12.xlsx,Chapter2_Section12,60,Chapter 2 Section 12,21214,"Where leave is granted under Rule 021214, the applicable rules are those for whom?",Nigerian Officers of a similar grade level,Private-sector employees only,Staff Union officials only,Retired Permanent Secretaries only,A,Nigerian Officers of a similar grade level,1,"Correct. Under PSR Rule 021214, leave may be granted under rules applicable to Nigerian Officers of a similar grade level."
17,ch2-s12-p02,12,2,2,PSR Chapter 2 Section 12 - Part 2,Chapter 2 Section 12 - Part 2,"Public Service Rules Chapter 2 practice quiz. Section 12, Part 2 of 2.",33-62,30,30,29,Chapter2_Section12.xlsx,Chapter2_Section12,61,Chapter 2 Section 12,21214,Leave under Rule 021214 is granted subject to what?,Exigencies of the Public Service,Private business convenience,Automatic contract right,Staff Union election timetable,A,Exigencies of the Public Service,1,"Correct. Under PSR Rule 021214, leave may be granted so far as exigencies of the Public Service permit."
17,ch2-s12-p02,12,2,2,PSR Chapter 2 Section 12 - Part 2,Chapter 2 Section 12 - Part 2,"Public Service Rules Chapter 2 practice quiz. Section 12, Part 2 of 2.",33-62,30,30,30,Chapter2_Section12.xlsx,Chapter2_Section12,62,Chapter 2 Section 12,021201-021214,"Which statement best summarises Chapter 2, Section 12 of the PSR?","It regulates the schedule for non-pensionable appointment, including term, duties, PSR conformity, emoluments, travel, ill-health, dismissal, termination, liability, further employment, severance allowance and leave",It deals only with promotion examinations,It deals only with mandatory pension contribution,It deals only with Certificate of Service,A,"It regulates the schedule for non-pensionable appointment, including term, duties, PSR conformity, emoluments, travel, ill-health, dismissal, termination, liability, further employment, severance allowance and leave",1,"Correct. PSR Chapter 2, Section 12, Rules 021201 to 021214 regulate the schedule for non-pensionable appointment, covering term of engagement, completion of term, duties, conformity to PSR, emoluments, travelling allowances, ill-health, medical fitness certificate, dismissal, termination, liability for damage, further employment, severance allowance and leave."
